Feature,Energy,Marginal_data,Marginal_model,Marginal_gen
l1,-1.8419815,8.746843414070368e-05,0.0,0.0
l2,-7.93249,0.00024558444970274496,1.4113444602741743e-06,5e-07
l3,-7.6876473,0.00024222027915887174,0.00012974067501129018,4e-06
l4,-6.299102,0.00023212776752725206,0.00026876563104601044,2e-05
l5,-3.2072256,0.00031317369426601597,0.00011519735890536452,8.5e-05
l6,-2.106322,0.00044315301073384486,0.00021341249159026002,0.0003055
l7,-3.9610121,0.0025148703983881343,0.0024466361781129782,0.0007975
l8,-3.1630936,0.005440475436814607,0.005748055949788615,0.001773
l9,-2.4938004,0.006904501290771071,0.006807521024061767,0.0034745
l10,-2.556557,0.013565558967640043,0.014112437207444784,0.006162
l11,-2.4137373,0.0276464476958643,0.027381039346017152,0.0102825
l12,-2.2126102,0.044310101900725776,0.04468049683777094,0.0161935
l13,-1.9134843,0.06950743344065037,0.06626959360561285,0.0237685
l14,-1.6888332,0.08594813488855879,0.08635992390204063,0.0329365
l15,-1.7860636,0.1049844468279083,0.099403593812549,0.043138
l16,-1.9408962,0.11857936582938579,0.1164614253434429,0.0538095
l17,-1.7780865,0.10874161365804308,0.11243769235291359,0.063511
l18,-1.819235,0.09427231614884436,0.09552657558286293,0.0708675
l19,-1.6820304,0.07981616948813533,0.07973346672629707,0.0759085
l20,-1.6314951,0.06582550169722404,0.06455915340778333,0.078128
l21,-1.412252,0.05137119003862985,0.05218144858651741,0.0771855
l22,-1.2915726,0.03944275879111284,0.040875531086705885,0.0735825
l23,-0.9698324,0.028286863433943443,0.029298076986874914,0.068112
l24,-0.7079819,0.01905282695838307,0.020248341652802964,0.0605165
l25,-0.072589405,0.012422352650094762,0.01267525250124728,0.0523025
l26,-0.17677376,0.00791528162236207,0.008683892989915096,0.0433695
l27,-0.3452325,0.0049575640469258974,0.005436615227720571,0.035366
l28,-0.34982345,0.0029470133964329395,0.003148919383776355,0.027666
l29,-0.8315541,0.0016882019456527424,0.0017994442968877374,0.021364
l30,-0.5211542,0.000967963615578067,0.0010542719985965857,0.015926
aA0,-9.863465,0.0003905496167751,0.0,0.0
aA1,-0.09317084,0.9550773132266035,0.9481780043641377,0.8970435
aA2,0.3384789,0.008481073941104384,0.009118578942882184,0.007134
aA3,0.18216625,0.07656485157432477,0.07522769659453059,0.074903
aA4,0.050331324,0.05330497643398534,0.05356819412952514,0.0485545
aA5,0.07117482,0.058777564407809645,0.05864212932127818,0.052058
aA6,0.13755378,0.06330512629249138,0.06239667714019177,0.0561345
aA7,0.10596524,0.06915786553777337,0.06904520556447119,0.061212
aA8,0.10200688,0.0659380484936009,0.06445797168348362,0.0651265
aA9,0.15213002,0.0569881315121549,0.05673968114900204,0.0686755
aA10,0.1880214,0.048355058229204606,0.04805198750504683,0.0729175
aA11,0.19959423,0.04185181073421187,0.041929008247066385,0.0740395
aA12,0.2260431,0.03461517406065477,0.035713021474423824,0.068422
aA13,0.24077117,0.026451861319103504,0.02734936022691296,0.058303
aA14,0.23716995,0.020258729181518716,0.021030708238997598,0.047603
aA15,0.23588127,0.015676423067077585,0.016101030824190444,0.0382245
aA16,0.21373665,0.011693245143131694,0.012024000575572851,0.0304585
aA17,0.26251283,0.007826895687163946,0.008427057325665947,0.0239315
aA18,0.24472319,0.005011084941942062,0.005199318845021968,0.0186365
aA19,0.21920922,0.0030892260603330346,0.0034071361969751665,0.014386
aA20,0.38974828,0.0017261253226927677,0.0018463867603494728,0.0108115
aA21,0.3093582,0.0009639877776625804,0.0011489898907814035,0.0079255
aA22,0.7202961,0.0005569231418539209,0.0006787950946856381,0.005933
aA23,0.7952199,0.00031347952795182264,0.00036135955759945934,0.0043195
aA24,1.0120244,0.00018013604094012053,0.00020414320305404737,0.003139
aA-25,-0.019877471,0.00819511944487516,0.008985941811271101,0.0456455
aA-24,-0.113911115,0.012941964082280271,0.013192611375602938,0.055729
aA-23,-0.088077836,0.019970633849488845,0.021147988934222508,0.0653275
aA-22,-0.115729265,0.029709295906630198,0.03057893065454211,0.0747345
aA-21,-0.14072575,0.04170562223239629,0.042939764049705766,0.082294
aA-20,-0.13454644,0.05510786601181558,0.05542641515896071,0.0886385
aA-19,-0.16433452,0.07126138962875155,0.06965524880456489,0.0930355
aA-18,-0.13803272,0.08755743174327342,0.08709688580378405,0.094967
aA-17,-0.12791888,0.10476485824149913,0.10495199574881309,0.095292
aA-16,-0.1254442,0.12302588178732876,0.12568094701973637,0.094861
aA-15,-0.073359825,0.13660673243925914,0.13371764253082935,0.093261
aA-14,-0.069179766,0.12921442641962644,0.12345490664705178,0.091147
aA-13,-0.061509654,0.11742851366969534,0.11731032192787012,0.0887435
aA-12,-0.05719335,0.10714302098233168,0.10374160937968098,0.085981
aA-11,-0.037500028,0.08989675360600853,0.09089817783906355,0.083509
aA-10,-0.052437335,0.08152547395810873,0.08056396673829705,0.0796225
aA-9,-0.099252336,0.07437752905343557,0.07445896528932282,0.072963
aA-8,-0.09207022,0.0686263265918414,0.06800750974466617,0.066416
aA-7,-0.101000845,0.06311979107889255,0.0634442562719354,0.0607705
aA-6,-0.12041601,0.0480743029056341,0.048425603500363915,0.0426445
aA-5,-0.5942352,0.11822459875385007,0.11597239548111846,0.085052
aA-4,-0.03140001,0.014624661021588494,0.015031373014561988,0.0166025
aA-3,-0.09980537,0.008862142713619478,0.009931843036953585,0.008487
aA-2,-0.25385553,0.0025512646069991264,0.0031370319804768904,0.003185
aA-1,2.1873238,6.606007613423775e-05,0.0001329190635432617,0.000677
aC0,1.0985199e-08,0.9963783174926776,1.0,1.0
aC1,0.17236137,0.00034559206496152155,0.0007991084294008765,0.0004205
aC2,0.5950124,0.0012939823246479625,0.0015797112052402785,0.0019875
aC3,0.4620324,0.0046122778156501825,0.004846284837292079,0.0097135
aC4,1.0007643,0.0058294958851606744,0.006149334455203497,0.0208445
aC5,0.45325923,0.012915662385300898,0.013362460967688861,0.0268915
aC6,0.62464166,0.012775284723515645,0.013297982069639423,0.0301965
aC7,0.5057152,0.01617095613702695,0.01627534455221892,0.031205
aC8,0.61340946,0.013031573352221621,0.013626394997394658,0.0308285
aC9,0.54103464,0.01082284247332595,0.011500484577370353,0.0303065
aC10,0.09646761,0.01595473172116164,0.016782379636128667,0.0324785
aC11,-0.08645173,0.015233575890029546,0.016230227681257443,0.033576
aC12,-0.26688692,0.016523582376762023,0.016731392904790095,0.0319945
aC13,-0.2968583,0.011028362710188023,0.01168893791935932,0.0276905
aC14,-0.08838549,0.0056686273664263735,0.005946461328488712,0.021833
aC15,0.24186899,0.0030207193147123437,0.0032640218481105395,0.0166305
aC16,0.38466328,0.0016037918483701053,0.001671239370637959,0.0124175
aC17,0.4700333,0.0008746843414070368,0.0009703074136780328,0.00893
aC18,0.5672887,0.00048933389729065,0.0005238440855604491,0.006552
aC19,0.5082301,0.0002672986413950175,0.0002909834219198449,0.004843
aC20,0.5825384,0.0001544460113323614,0.0001701816823959155,0.0035135
aC21,0.54706156,0.00010031344894458324,0.0001094228635705562,0.002612
aC22,0.89671415,5.015672447229162e-05,5.4350611905966455e-05,0.0018395
aC23,1.2642533,3.364170543873219e-05,2.2843578947375536e-05,0.0013485
aC24,0.9868326,2.6913364350985747e-05,2.0329981943829922e-05,0.0009455
aC-25,-0.14367871,0.01248107271776964,0.012804305014259127,0.0545745
aC-24,0.16984592,0.019150999571527005,0.02038985434313808,0.0636885
aC-23,0.28595614,0.028463329470653883,0.029486022372807976,0.072521
aC-22,0.3544863,0.03975746165380789,0.04120749293833937,0.079556
aC-21,0.4171373,0.05194034652791604,0.05275533588641957,0.0850395
aC-20,0.436425,0.06687940457851378,0.06565379564142976,0.08849
aC-19,0.3470232,0.08161263655856363,0.08170511087867237,0.089051
aC-18,0.28549874,0.0969391858890784,0.09819167580347786,0.087079
aC-17,0.22151676,0.11265842567216892,0.11654155087240699,0.0823695
aC-16,0.1017709,0.12403543878417653,0.12223941322917621,0.0750585
aC-15,-0.05697688,0.11324593218260351,0.10790196099055194,0.067498
aC-14,-0.20040064,0.09814172394167017,0.09897767514998095,0.0605825
aC-13,-0.0853409,0.08306106489454396,0.08055702071714765,0.0534045
aC-12,0.13518007,0.05741109949962551,0.05875746439966952,0.0463665
aC-11,0.28519127,0.03977856417812855,0.04049107276893501,0.039296
aC-10,0.58941203,0.024542847452298355,0.026334210076644864,0.0337495
aC-9,0.6772138,0.0191231687061186,0.019552510904207024,0.0283385
aC-8,0.73318,0.017209261500340547,0.018585715339163478,0.02476
aC-7,0.93164784,0.01287345733665958,0.013369232823621058,0.02188
aC-6,0.5697098,0.010791341603687865,0.011416118116353517,0.0176545
aC-5,0.483787,0.0087850726247962,0.00930537989191449,0.0125895
aC-4,0.6720012,0.0044795459960100936,0.004976301173363106,0.0082255
aC-3,1.8926104,0.0009379919143690146,0.0011923719458975717,0.0050455
aC-2,0.48221004,0.0010208728432226184,0.0012123330307211473,0.001918
aC-1,-0.09046739,3.547670755357212e-05,0.00011566077326671569,0.0001125
aD0,-8.316691,0.00023090443278402545,0.0,0.0
aD1,3.138231,0.00045110468656481793,0.0003450080618057677,0.0025965
aD2,1.998125,0.0010141445021348721,0.0009309141405452354,0.003549
aD3,0.05073405,0.24608999278538335,0.23887851172666474,0.251613
aD4,-0.04535781,0.04246684227636906,0.0422781869464303,0.0357
aD5,-0.16919771,0.056305510725434445,0.056352510218823995,0.041859
aD6,-0.23297185,0.06530711359978175,0.06388685871920598,0.043626
aD7,-0.1604715,0.06584109921520018,0.06628824056724658,0.043933
aD8,-0.21790974,0.07767716868960359,0.07631746134366815,0.0430345
aD9,-0.19773705,0.0808988207358909,0.08032958003071301,0.041968
aD10,-0.22801165,0.09564581523180206,0.0914427486834796,0.0426755
aD11,-0.2209219,0.1027974301407049,0.10283668847133676,0.0455025
aD12,-0.15576114,0.11218254845705376,0.10645481999722846,0.0509535
aD13,-0.13921607,0.12130617897203794,0.11881117535334144,0.058706
aD14,-0.17238235,0.11149534016504621,0.11376002933895617,0.065551
aD15,-0.18015833,0.09633027102063735,0.09704475072041811,0.070784
aD16,-0.1808658,0.08178512675735859,0.08122221927787407,0.0733205
aD17,-0.23685518,0.06704057893093389,0.06572900810157645,0.0727175
aD18,-0.27504867,0.0520902050339613,0.05270504368995725,0.0695115
aD19,-0.24713904,0.03960087480667488,0.04076302336928908,0.063801
aD20,-0.21613783,0.028305213455091842,0.02923090345368746,0.057283
aD21,-0.18682927,0.01909656117545342,0.020158234158922587,0.049627
aD22,-0.23349582,0.012446207677587681,0.012708128191703309,0.041836
aD23,-0.051063817,0.007921398296078203,0.008657683609362657,0.0341065
aD24,0.11395748,0.0049551173774394445,0.00543300605765645,0.0274205
aD-25,0.1604809,0.0009927361441284062,0.0011557846975616614,0.0112935
aD-24,0.21906812,0.0016010393451978454,0.0017542513422773166,0.0146075
aD-23,0.108702846,0.0027102981236185875,0.002834669655242203,0.018232
aD-22,0.06391014,0.0043474258437416185,0.004468850466681939,0.022543
aD-21,0.038084712,0.006769322801644529,0.007195453473798758,0.02667
aD-20,0.009402518,0.010224325950202324,0.010524731890737124,0.03089
aD-19,-0.0033502555,0.01480693789832926,0.014950162181989378,0.0347905
aD-18,-0.015792772,0.02045415690674917,0.020455774987238586,0.0379875
aD-17,-0.04793701,0.02751952671625454,0.026910449643402924,0.0396785
aD-16,-0.080014795,0.03525650729979133,0.03524450253584944,0.040976
aD-15,-0.12752406,0.04607996144048889,0.04644348862372599,0.0409145
aD-14,-0.09386712,0.054862281562112834,0.05495594490616896,0.0400055
aD-13,-0.077501774,0.060118339286386026,0.05815011689311672,0.0381915
aD-12,-0.06083111,0.06063213987854121,0.05972273708420441,0.0356695
aD-11,-0.06518445,0.058523722448590124,0.057079382569564845,0.035406
aD-10,-0.101619974,0.0592439607786648,0.057289979330077796,0.0336365
aD-9,-0.20920229,0.05672022120338827,0.05617539142987191,0.0275355
aD-8,-0.1348815,0.04432875775555998,0.044365994496835356,0.0220835
aD-7,-0.024427103,0.04329687489964832,0.04261679831670873,0.0254535
aD-6,-0.08242313,0.07932010724975694,0.0784233658182621,0.052868
aD-5,0.15321098,0.027147632954313647,0.028276031261559642,0.019417
aD-4,0.4952417,0.0076547113220547984,0.00833198764861549,0.008916
aD-3,-0.037146397,0.8622234537125304,0.8503963430881781,0.7176485
aD-2,-0.16972396,0.010111779153825474,0.010844454803288694,0.0058365
aD-1,1.7732528,1.7432520090979403e-05,4.403000178624841e-05,0.0001645
aE0,-7.3478084,6.300173927617118e-05,0.0,0.0
aE1,2.6936252,0.0005070722510674361,0.0006082360956382648,0.0031005
aE2,1.7033186,0.0009899836409561463,0.0012133447198425496,0.0035585
aE3,0.010026441,0.08516183648234987,0.08451926241375264,0.070564
aE4,0.17536768,0.03050752182658557,0.03138193469175029,0.0318305
aE5,0.021419143,0.030999302393362675,0.031581068379952455,0.0284415
aE6,-0.017815841,0.02547441685926543,0.025876587654756148,0.022818
aE7,0.08543038,0.019695689365948663,0.020133767905096127,0.0194485
aE8,0.1271784,0.018765037460039005,0.018649141174879428,0.018409
aE9,0.11693419,0.018031648281474643,0.018004392930690023,0.0191695
aE10,0.09562634,0.01692086033462487,0.017589251709543733,0.01996
aE11,0.10628082,0.015333583505288323,0.01567576480716873,0.019454
aE12,0.13724747,0.012257508293444975,0.01278240844689195,0.017925
aE13,0.15856682,0.009461270904114716,0.009599304405345049,0.0163595
aE14,0.102368675,0.007540941190934723,0.008181302399768131,0.0146255
aE15,0.099761106,0.005818485872471635,0.006397163836518401,0.0129325
aE16,0.060002666,0.004010702955668489,0.00431258421180662,0.0111135
aE17,0.062430114,0.0025965279924985113,0.0028874093171416633,0.00905
aE18,0.09776573,0.0016105201894578516,0.0018592218920097888,0.0070125
aE19,0.1641571,0.000939521082798048,0.0011652570023460824,0.0054695
aE20,0.043067213,0.0005621223145126341,0.0006897305941611983,0.0040195
aE21,0.12801886,0.00033366455121506194,0.00039090509485495466,0.0030765
aE22,0.2809461,0.00020643773791949294,0.00025096941977795684,0.002279
aE23,0.39797604,0.00011682846797814267,0.00017637755023651986,0.001691
aE24,0.927315,5.566173081681143e-05,5.7271155394354496e-05,0.0012415
aE-25,0.046190165,0.0003749520987989605,0.00040842309098662263,0.00463
aE-24,-0.00040154846,0.0006795624498623902,0.0008521440930282868,0.0061345
aE-23,-0.046952404,0.0010860154182994362,0.0012399510021817424,0.007755
aE-22,-0.15811801,0.0017664953692192464,0.0018734572712130581,0.0094485
aE-21,-0.10554367,0.0027191673005069806,0.002965707481322911,0.0113635
aE-20,-0.15257636,0.004077680532860148,0.004612293960405232,0.0130525
aE-19,-0.12593503,0.00594968852368269,0.006313453585105992,0.0148715
aE-18,-0.120123625,0.007975836692151787,0.00840147582099768,0.016716
aE-17,-0.13178737,0.010398039483740506,0.010657454505322683,0.018409
aE-16,-0.14207181,0.012960925770800285,0.013242602892238182,0.01966
aE-15,-0.1154692,0.01575104648641441,0.01606674840945053,0.0207445
aE-14,-0.07429605,0.018153064254739885,0.018571788398370048,0.0216955
aE-13,-0.091499835,0.022129208003912226,0.021990785237938914,0.022181
aE-12,-0.17304674,0.02407125190878449,0.023680123107673905,0.0227425
aE-11,-0.20741022,0.025225468239018813,0.025642363932824642,0.022952
aE-10,-0.21791577,0.024573736654564828,0.024378382610026245,0.0216075
aE-9,-0.26329625,0.02410886945213871,0.02404099996615773,0.019229
aE-8,-0.25430477,0.023808234938990768,0.023955128503763433,0.0189375
aE-7,-0.3503811,0.027730246125775328,0.027579745941772343,0.0190085
aE-6,-0.08480198,0.02242586667914468,0.022961445608622906,0.0208345
aE-5,-0.49616575,0.017643545334186,0.018205728712016773,0.0113195
aE-4,-0.24577262,0.00691826380663237,0.007540043713475318,0.0055955
aE-3,-0.43763998,0.005769858316428377,0.006539372742969445,0.0027085
aE-2,-0.78031486,0.0010581845528910305,0.0014352787539949194,0.001093
aE-1,0.83740884,0.00021255441163562608,0.0003766252420126381,0.000542
aF0,-8.568386,0.00017371353353818074,0.0,0.0
aF1,0.7433541,0.0005122714237261491,0.0007942675552931624,0.000637
aF2,1.0003332,0.0012450489349188974,0.0012840983707422045,0.0027265
aF3,-0.081689656,0.011303307193728207,0.011470348727982823,0.0134775
aF4,-0.21089658,0.026656464054908156,0.02700105474214063,0.026083
aF5,-0.06309847,0.024612577532662272,0.02510803082725831,0.027774
aF6,-0.06268223,0.027072703701291015,0.02728214792819429,0.0301775
aF7,-0.113250606,0.034806014280598124,0.033965794984959885,0.035107
aF8,-0.13511692,0.04189952078919771,0.04241791710221862,0.040239
aF9,-0.24787246,0.058086991945258216,0.05545309506914765,0.041857
aF10,-0.29409435,0.06547838046383349,0.06622223482220631,0.0414055
aF11,-0.28513747,0.07493108802474562,0.07140139610328565,0.042081
aF12,-0.33113,0.08492665037796455,0.083670709658964,0.0446975
aF13,-0.3246927,0.07971402103707591,0.08179501298698748,0.047966
aF14,-0.31987548,0.06806879178261586,0.06893255739673733,0.050517
aF15,-0.32579085,0.05680830130490059,0.05652465159587104,0.0518105
aF16,-0.37519252,0.04562457508232278,0.04481704284156599,0.05055
aF17,-0.44204968,0.034958625289815644,0.03551608764453005,0.0468025
aF18,-0.5419271,0.025484203537211245,0.0267537167000072,0.0413815
aF19,-0.5827159,0.017089374695504336,0.017903396743057864,0.03495
aF20,-0.55376226,0.010653104777703256,0.011337335173736005,0.028475
aF21,-0.51769906,0.006292528085471952,0.006572008672359743,0.0220495
aF22,-0.49644494,0.003650430873788249,0.004175842449954569,0.0167875
aF23,-0.22843362,0.0021313549563865873,0.0023847591530327446,0.012733
aF24,-0.10114826,0.0012013147178485456,0.0013493806825868103,0.0094685
aF-25,0.48028105,0.00013670765755557533,0.00015653061130710871,0.002946
aF-24,0.30383378,0.00022784609592595888,0.00026545413070055946,0.0038415
aF-23,0.31205964,0.0003773987682854138,0.00041256150359482864,0.0051115
aF-22,0.21133305,0.0006131965400423457,0.0008122965199968605,0.006588
aF-21,0.27379277,0.0009893719735845328,0.0011498794883946604,0.0086415
aF-20,0.21924609,0.0016065443515423652,0.0017409520833946532,0.010997
aF-19,0.23744826,0.0024365769748216303,0.0026506775818286488,0.013904
aF-18,0.2296408,0.003859315281194195,0.0041730885122562055,0.017052
aF-17,0.20573072,0.005741109949962551,0.00590315593833341,0.020446
aF-16,0.19841604,0.007917728291848523,0.008270368628401878,0.0229225
aF-15,0.25374186,0.010288551024221722,0.010779002243791549,0.0240825
aF-14,0.16993248,0.013980269445593869,0.015260439173914042,0.0249505
aF-13,0.11830662,0.017939286508361033,0.01875804999120082,0.0262395
aF-12,0.14146104,0.02105206176250118,0.020945622845190928,0.027553
aF-11,0.16812086,0.023085855773115446,0.02359514631184829,0.0278665
aF-10,0.16994584,0.022597439376882217,0.022760190756650256,0.025513
aF-9,0.19119376,0.0214939914384918,0.02160058450021601,0.0212425
aF-8,0.24187209,0.02164384994453706,0.021664811506701787,0.01973
aF-7,0.20868061,0.0230561899055922,0.02287229502263154,0.0191695
aF-6,0.29445592,0.01998745470220821,0.02060302714950879,0.016709
aF-5,0.050909318,0.01941156987183428,0.020079549014589432,0.0134325
aF-4,-0.18623523,0.5578592987661751,0.5517707182256393,0.409661
aF-3,0.8728786,0.0039770612502297575,0.004500938630146147,0.0056955
aF-2,-0.106618635,0.0045593685880056314,0.005431164333208779,0.0028135
aF-1,4.7590075,9.175010574199687e-07,5.173509807739005e-06,0.000198
aG0,-9.283729,0.0003296887132995754,0.0,0.0
aG1,2.1620498,0.0023252535131880075,0.0023423914497367583,0.008792
aG2,0.7673312,0.00944353255033793,0.009849945513761015,0.012775
aG3,-0.2586951,0.1805039588641459,0.18064218117193565,0.12899
aG4,-0.15927035,0.14347545118879082,0.14320153706661953,0.117352
aG5,-0.24040851,0.15655840460022796,0.15501767627513863,0.1150415
aG6,-0.201765,0.1477788369817763,0.14666923305140245,0.107236
aG7,-0.14258102,0.14507006802658673,0.14220549818303482,0.1056815
aG8,-0.06838891,0.13949319076590236,0.13770466918983337,0.108916
aG9,-0.0042339787,0.1268968187485836,0.1267859202061086,0.1131465
aG10,0.016509851,0.11989964985101312,0.11828016687117553,0.1118635
aG11,0.009849111,0.09994491935318622,0.09939869293108199,0.1031985
aG12,0.020405523,0.07623608036208261,0.07610336139174526,0.0902955
aG13,-0.01356049,0.05633639992770092,0.0570495516540788,0.077921
aG14,-0.033003666,0.04138663769809995,0.04131863785663345,0.067764
aG15,-0.14685655,0.03133174360983451,0.031585915649385746,0.058984
aG16,-0.23395997,0.02371740233430619,0.024030227136449436,0.0510315
aG17,-0.3355198,0.01687498528175387,0.017278636450472413,0.04399
aG18,-0.4483662,0.011726886848570426,0.012270623630399019,0.03798
aG19,-0.56299084,0.007983482534296954,0.00833379626853563,0.032504
aG20,-0.6426361,0.005341079488927444,0.005826673799308612,0.0277835
aG21,-0.7323746,0.003467236495990062,0.003936664329660358,0.023517
aG22,-0.67754173,0.002163467493396286,0.0023288522050578047,0.019571
aG23,-0.559763,0.001338022375404121,0.0015371988231809971,0.015922
aG24,-0.43585408,0.000774065058776647,0.0009192667196191493,0.0127675
aG-25,0.21214013,0.001147487989146574,0.00125057758705993,0.0136775
aG-24,0.04829798,0.001995564799888432,0.002181296299074244,0.018109
aG-23,0.08360831,0.0031525336332950122,0.003482793790553823,0.023284
aG-22,0.0164287,0.005156355942700224,0.005515428840838464,0.029277
aG-21,0.05669645,0.008027216751367305,0.008594289233009486,0.03615
aG-20,0.07286234,0.012084712260964215,0.012662316225732145,0.043555
aG-19,0.08697061,0.01764140449838535,0.018363893983494504,0.051176
aG-18,0.076408476,0.024856632813935985,0.026126502152084025,0.0594915
aG-17,0.090297945,0.0335918545479457,0.03462205455714805,0.0684815
aG-16,0.09418912,0.044123543352383714,0.0446994828301281,0.077471
aG-15,0.09558138,0.05700923403647556,0.057438033517361604,0.0856265
aG-14,0.04831992,0.07337653539979039,0.07434991037277745,0.09254
aG-13,0.03245814,0.0896701308448258,0.09168941475479872,0.099013
aG-12,-0.036363687,0.11293398182308072,0.11172228484390076,0.1057
aG-11,-0.09639136,0.13155313661498994,0.13083485610484152,0.109762
aG-10,-0.1375576,0.1466903748939904,0.14375161438166043,0.105785
aG-9,-0.18913972,0.1505594768531304,0.1483932418659314,0.0953915
aG-8,-0.16357253,0.1479904738923545,0.145467066748707,0.089697
aG-7,-0.123961866,0.1322580832607743,0.13073839467864098,0.083117
aG-6,-0.41817734,0.14937590048905866,0.14564853726511984,0.065718
aG-5,-0.78616023,0.14444891981071342,0.140379350369046,0.051639
aG-4,0.27941176,0.0279403538679245,0.029235394568349688,0.0293645
aG-3,-0.17231552,0.029674125032762434,0.030862440861053886,0.1474695
aG-2,0.6021182,0.0035351315742391393,0.0037935634421915687,0.0065975
aG-1,1.908194,0.0011068121089342889,0.0012971244862734583,0.004793
aH0,-7.030596,6.300173927617118e-05,0.0,0.0
aH1,0.8273978,0.0003370287217589352,0.0006417642569429817,0.000471
aH2,0.81542253,0.007368450992139768,0.007903197168946502,0.020166
aH3,-0.0978595,0.034524035622284385,0.03590540283060179,0.0270165
aH4,0.03292665,0.024858467816050826,0.024482319210483154,0.024981
aH5,0.08843328,0.01838855619281101,0.018550353464416136,0.0187815
aH6,0.03912325,0.013912068533658985,0.014084384458656543,0.0148375
aH7,-0.04235642,0.01159017919101485,0.011975183624878856,0.011171
aH8,-0.071051225,0.010841498328160157,0.01098939107081545,0.008932
aH9,-0.1168501,0.012433974330155416,0.012619142301607178,0.0083045
aH10,-0.06316194,0.013161246835003644,0.013163998540027439,0.008973
aH11,-0.06630274,0.013405302116277355,0.013824854953583508,0.009982
aH12,-0.05307163,0.012663043760824602,0.013490513712965764,0.011264
aH13,-0.07519235,0.011491394910499301,0.01167890588308977,0.012271
aH14,-0.064411506,0.010136857516061621,0.010691981058179457,0.0130535
aH15,-0.050955936,0.007946170824628541,0.008887972074242322,0.0126205
aH16,-0.04369819,0.006057341981086633,0.006444657030667539,0.011515
aH17,0.009883119,0.004113157240413719,0.004568323095091124,0.0101265
aH18,0.037623297,0.002863520800207722,0.003233938499599827,0.0084895
aH19,0.04946259,0.0018784304982244824,0.002097294068727842,0.0069995
aH20,0.008036318,0.0012991814973066756,0.0015229101593223732,0.005501
aH21,0.04461206,0.0008034250926140859,0.0009448520478732591,0.004334
aH22,0.23052306,0.00044743468233513807,0.0005662038045608822,0.003307
aH23,0.2930482,0.00028626032991503023,0.00036653663881322903,0.0025735
aH24,0.45340964,0.00015536351238978137,0.00018753398430088527,0.00185
aH-25,-0.023630626,0.0002257052601253123,0.00027909922009689974,0.003105
aH-24,-0.073046796,0.0003697529261402474,0.00043899197534941474,0.003984
aH-23,-0.083482325,0.0006624357634572174,0.0007464033931684334,0.004996
aH-22,-0.08670071,0.0010214845105942318,0.0011348903823194302,0.006116
aH-21,-0.10061324,0.0016686285897611164,0.001834272906996723,0.0072935
aH-20,-0.1120995,0.0025173170678745873,0.002727829525373944,0.008567
aH-19,-0.06141859,0.0035651032754481916,0.0039028548749773686,0.0095995
aH-18,-0.04418518,0.00489700897713618,0.005074773642271222,0.0103035
aH-17,-0.044548746,0.006349718984717797,0.0065582486516562125,0.010892
aH-16,-0.05220107,0.008058411787319584,0.00861339054661383,0.0114375
aH-15,-0.07410363,0.010080889951559003,0.01038914791278924,0.011425
aH-14,-0.021023186,0.011396280634213432,0.011826585903467126,0.01142
aH-13,-0.020680435,0.012487189391485774,0.013240535391287745,0.011346
aH-12,-0.07260136,0.01357962731718715,0.013812698677761994,0.011392
aH-11,-0.051622245,0.01402583866477906,0.014188129927657734,0.0135535
aH-10,0.03197927,0.012717482156898186,0.012983570274717204,0.015008
aH-9,-0.06319588,0.012541933621245165,0.012632171219329184,0.0123775
aH-8,-0.24001993,0.013537422268545832,0.013412804013596286,0.010345
aH-7,-0.07348889,0.01889440510913522,0.01961899112122266,0.0162675
aH-6,-0.010926065,0.020079204807950207,0.020317578236639544,0.017972
aH-5,-0.18261547,0.022573890183075103,0.023297553146979313,0.0143155
aH-4,0.010241188,0.006297727258130665,0.006720276027272715,0.0061275
aH-3,0.3118734,0.005068275841187907,0.005599985013787904,0.005711
aH-2,0.48752272,0.01829558275232579,0.019474274938672546,0.019972
aH-1,3.679195,6.116673716133124e-07,5.2894731260685725e-06,0.0001165
aI0,-7.8625526,8.441009728263712e-05,0.0,0.0
aI1,0.99455976,0.0006294057253900986,0.0010532471420624425,0.001029
aI2,0.4922308,0.005706550743466398,0.006239604616753239,0.009697
aI3,0.06838173,0.014472967513428393,0.015098011234535825,0.037806
aI4,0.031781137,0.03425704281457518,0.033841796587133786,0.048847
aI5,0.08173892,0.0362110142331939,0.03641184057714279,0.0654445
aI6,0.043599445,0.03632906603591527,0.03738044156373863,0.0720755
aI7,0.040721178,0.032157494561512484,0.032752959254218846,0.068881
aI8,0.07482895,0.027149773790114292,0.027312992811482407,0.0606015
aI9,-0.04062497,0.026207194370458178,0.026263389848120867,0.0513065
aI10,-0.051045,0.023743092363913948,0.024363791346565026,0.045241
aI11,-0.004529549,0.02293446809864115,0.022813114544434007,0.0436315
aI12,-0.0418091,0.021538031489247957,0.022599885873071945,0.044033
aI13,0.07386945,0.019156504577871526,0.019396767616238673,0.042196
aI14,0.1296601,0.017801049682376426,0.01827555636805935,0.037934
aI15,0.09241686,0.015844325760585438,0.017019091720219832,0.031869
aI16,0.1899372,0.012145267330753932,0.012865074996335149,0.026104
aI17,0.24544856,0.009529777649735408,0.009940072682782476,0.020985
aI18,0.32501128,0.007775209794262621,0.007752506816126303,0.0172715
aI19,0.3709517,0.006208423821875121,0.0065090004678535,0.014385
aI20,0.4198497,0.0043052207951003,0.004812954605631938,0.0116405
aI21,0.5549576,0.002810305738877364,0.0029974594134959975,0.009175
aI22,0.7344935,0.001775670379793446,0.0020531390768352203,0.007248
aI23,0.633632,0.0010132270010774522,0.001106766268926491,0.0054115
aI24,0.6825011,0.0005474422975939147,0.0006877461220331791,0.004117
aI-25,0.50787693,0.0001746310345956007,0.00019379227452975443,0.0056345
aI-24,0.45878142,0.0002850369951718036,0.0003226744094094094,0.0077165
aI-23,0.20405592,0.000548053964965528,0.0006056996583450543,0.010194
aI-22,0.324494,0.0008636743287179972,0.0009644503753475875,0.01399
aI-21,0.32187644,0.0014086699568254585,0.0014628233312513012,0.0184365
aI-20,0.32671404,0.0022255517316150373,0.0024708711491797752,0.023721
aI-19,0.34388465,0.0034433814684971423,0.003820832897963552,0.0290355
aI-18,0.27736694,0.0051138450603730986,0.005497047065862952,0.0345705
aI-17,0.24202159,0.007645230477794793,0.007973882578227948,0.0390395
aI-16,0.2315528,0.01049988210111412,0.01095114266135413,0.04334
aI-15,0.24466385,0.013826740935318929,0.014816563004155193,0.0475955
aI-14,0.27083066,0.018398342870756826,0.0186738957722013,0.050986
aI-13,0.21682045,0.022149087193489656,0.02292332336033499,0.0528265
aI-12,0.21458526,0.026037456674835483,0.026618182867490018,0.053216
aI-11,0.16975687,0.02837555520282737,0.028794498364188327,0.053382
aI-10,0.1490892,0.0277106727698837,0.028372283918299025,0.046638
aI-9,0.16349441,0.02596650325972834,0.026330935168030385,0.043067
aI-8,0.12741327,0.02434130305335177,0.024709878919915843,0.0356875
aI-7,0.22503108,0.021418756351783363,0.021675276974195717,0.0310325
aI-6,0.5829073,0.01262940205538587,0.013282250172549357,0.025094
aI-5,0.040637724,0.013897694350426072,0.014418534123465663,0.017439
aI-4,-0.2534368,0.03248198410215335,0.03237820246287209,0.023601
aI-3,0.6879664,0.0031393827848053262,0.0035419703574986485,0.0059085
aI-2,1.5823364,0.07825244185260591,0.07945576906442858,0.0610825
aI-1,5.5835285,0.0,9.429382318242232e-07,0.0002245
aK0,-8.156085,8.135176042457056e-05,0.0,0.0
aK1,2.3885689,0.0003143970290092426,0.00035822582630638664,0.0007875
aK2,-0.91045445,0.16530922385221383,0.15412896911446816,0.1645175
aK3,0.96108466,0.007915587456047877,0.008362053427698895,0.0145015
aK4,0.46707797,0.024676496772995864,0.02469107627680454,0.024427
aK5,0.5770425,0.0160905218776598,0.016764048941870918,0.020845
aK6,0.5975225,0.010483978749452175,0.010854986400530503,0.0151045
aK7,0.5234471,0.00791803412553433,0.008288848756964043,0.010956
aK8,0.45204738,0.007356523478393309,0.0077212713984720445,0.0086965
aK9,0.42773315,0.0074669294389695115,0.007967038713855372,0.0083285
aK10,0.4623202,0.007403927699693341,0.00793915568906938,0.008982
aK11,0.54594594,0.006550345882606963,0.007080252748469496,0.009893
aK12,0.5003592,0.005811757531383888,0.0062295394155141735,0.010825
aK13,0.5116905,0.00506705250644468,0.00539590999390112,0.0115485
aK14,0.41220835,0.004367916700690664,0.0045973736271935845,0.011472
aK15,0.36528438,0.003304838808826727,0.0034288913283378472,0.0105405
aK16,0.3049884,0.0024711361813177825,0.002839397316299533,0.009135
aK17,0.31466132,0.0015848301598500925,0.0017738683832462469,0.0074075
aK18,0.30345547,0.0009942653125574394,0.0011612103969016738,0.0058705
aK19,0.21144174,0.0006281823906468719,0.0007598987991413869,0.004433
aK20,0.2194314,0.0003920787852041333,0.00046602388003888734,0.0033855
aK21,0.14416286,0.00023579777175693195,0.0002953383019182795,0.0024695
aK22,0.32859185,0.00013517848912654204,0.00018613056477750488,0.001874
aK23,0.592984,8.31867625394105e-05,0.0001021917382134844,0.001399
aK24,0.83433604,4.3428383384545185e-05,4.5309941915889255e-05,0.00099
aK-25,-0.60880274,0.000810459267387639,0.0009010752698530955,0.008408
aK-24,-0.69150144,0.0013322115353737946,0.0015236056925737626,0.010413
aK-23,-0.6993075,0.0021705016681698394,0.002329028289755453,0.0129515
aK-22,-0.6456017,0.0033516313627551457,0.0036116779421435626,0.015084
aK-21,-0.6996534,0.0051141508940589055,0.005252311805672529,0.017053
aK-20,-0.65887433,0.007474269447428871,0.007731905871138297,0.0188655
aK-19,-0.66274416,0.010237782632377818,0.010345794275903375,0.020247
aK-18,-0.67321736,0.014163463823392057,0.013577592942229676,0.0210275
aK-17,-0.67850244,0.01864606815626022,0.017671021250392088,0.020958
aK-16,-0.6695443,0.023713426496390702,0.022556965608437327,0.0208255
aK-15,-0.72849286,0.028602789631381718,0.02722992356127348,0.019835
aK-14,-0.6407888,0.030390081691235814,0.028264468759133913,0.018708
aK-13,-0.5003189,0.02539673510307054,0.023167307939210683,0.017911
aK-12,-0.3770407,0.02047311859526918,0.02036317503016318,0.0177015
aK-11,-0.35883763,0.01819741013918185,0.01769402254431193,0.0171995
aK-10,-0.33021814,0.0142344172384992,0.014474346233762975,0.0154245
aK-9,-0.38633838,0.01260279452472069,0.013236636356432943,0.013355
aK-8,-0.3835771,0.012827582283788582,0.013050739534356464,0.0138345
aK-7,-0.31163082,0.014485506694546466,0.014808450683080615,0.0149805
aK-6,-0.11369342,0.010514867951718647,0.011008910818103611,0.0114535
aK-5,0.075634904,0.006128295396193777,0.0063796452015843375,0.0098135
aK-4,0.47656575,0.002152763314393053,0.002298397664256179,0.005114
aK-3,0.2502065,0.0017138919752605014,0.002000972798092258,0.002504
aK-2,-0.80849737,0.00078018173249278,0.0010347459697972212,0.001019
aK-1,1.3939162,0.00010306595211684315,0.00023148685913935407,0.000568
aL0,-9.139765,0.0001773835377678606,0.0,0.0
aL1,1.2433217,0.0010441162033439243,0.001470438959814533,0.0018205
aL2,0.96317434,0.00427677826232028,0.004658390651434163,0.0087265
aL3,-0.13461798,0.04446118374151426,0.04597267339741369,0.045204
aL4,-0.07921851,0.08639128789929264,0.08429216071776147,0.091926
aL5,0.108255126,0.055710052539168886,0.05613133625037883,0.0769415
aL6,0.13930751,0.04853183009960085,0.0492055104171111,0.071295
aL7,0.06929044,0.04754001145652987,0.04856653333111637,0.0661665
aL8,0.03935651,0.04724855195395613,0.046920130794069974,0.0626805
aL9,0.022142343,0.045927044597585565,0.04633781434733786,0.061131
aL10,0.037030585,0.04391649394709261,0.044053575454906,0.0628695
aL11,0.13260143,0.03808241055664483,0.0372219847352422,0.067888
aL12,0.10384951,0.03344169020821463,0.03416997972638071,0.0733125
aL13,0.13859725,0.02662679818738491,0.027805528404268434,0.077485
aL14,0.13217959,0.020492997784846614,0.021368382143846756,0.079686
aL15,0.16863576,0.015195652512989521,0.015539266576822926,0.078845
aL16,0.2383354,0.010507527943259288,0.010908949867517134,0.075805
aL17,0.25245023,0.0070470197883569724,0.007891169937935552,0.0709415
aL18,0.3540026,0.004515022703563666,0.004928076882649911,0.0642965
aL19,0.34639296,0.0029925826156181313,0.0034595016944818694,0.0571465
aL20,0.36968693,0.0020102448168071514,0.0023784034025234892,0.0498625
aL21,0.35186258,0.0012386264275169576,0.001433316647564271,0.0429025
aL22,0.46414617,0.0007263550037908085,0.0009377485796803565,0.036104
aL23,0.43210572,0.0004449880128486848,0.0005297759504047817,0.0300585
aL24,0.6722411,0.00023182193384144542,0.00026727625453573276,0.024725
aL-25,0.4128912,0.0004067588021228528,0.0004496011993873029,0.0080555
aL-24,0.195855,0.0007119808205578957,0.0007995689384530993,0.010801
aL-23,0.20496087,0.0011866347009298261,0.0014433283341110132,0.014066
aL-22,0.16196802,0.0019126838710348281,0.0021774547030420145,0.0178005
aL-21,0.15726575,0.0030733227086710883,0.003270283169511726,0.022246
aL-20,0.1425472,0.0049025139834806995,0.005148411152232187,0.0271465
aL-19,0.14302553,0.007165377424764149,0.007648737907498399,0.031892
aL-18,0.18321468,0.010110861652768055,0.010531707033619981,0.0368265
aL-17,0.15164262,0.013919714375804151,0.014292737122984159,0.041449
aL-16,0.14061348,0.018722220744026075,0.01914420337690424,0.04529
aL-15,0.120801024,0.02332043021012915,0.024280886284172305,0.049471
aL-14,0.16109775,0.02831897597095314,0.02910414164197759,0.0529185
aL-13,0.068921156,0.03692666505798148,0.037431441541883236,0.0562905
aL-12,0.061698772,0.0407593728085105,0.041092209310661286,0.059806
aL-11,0.12928356,0.04189523911759642,0.04201759409106908,0.0622785
aL-10,0.08473288,0.044304291060695444,0.04406941736542562,0.081131
aL-9,0.08159264,0.045186315410561846,0.0455230689615839,0.118746
aL-8,0.093258984,0.046869012349870065,0.04734814880070236,0.1493175
aL-7,-0.042836893,0.05616176889310531,0.0565869697480184,0.1612785
aL-6,0.39944765,0.032361179796259715,0.032283250467117025,0.1600025
aL-5,-0.10836762,0.03472466252017355,0.03518942033618787,0.032898
aL-4,-0.6049568,0.07087756835306419,0.069609645962999,0.0356505
aL-3,0.64981,0.006696840218108352,0.0072677087326042875,0.0100665
aL-2,0.4751351,0.017976292384343638,0.019658563682877044,0.019571
aL-1,6.7955494,4.434588444196515e-05,4.616211038259974e-05,0.1321045
aM0,-5.5170064,3.6700042296798745e-05,0.0,0.0
aM1,0.34367198,0.00030094034683374974,0.00041975324731414044,0.0002975
aM2,0.6235064,0.0017041052973146885,0.0020338723851122285,0.0028805
aM3,-0.43418998,0.006318829782451324,0.006912018842081504,0.0080665
aM4,-0.29163152,0.013595530668849096,0.013453512611987392,0.011797
aM5,-0.17585415,0.011751047709749152,0.012031004123660375,0.0138445
aM6,-0.26820338,0.012768556382427897,0.013019787086226777,0.0164755
aM7,-0.40868503,0.013350252052832157,0.013679150038672738,0.0181225
aM8,-0.26798442,0.011676730124098134,0.01200757965586435,0.0179775
aM9,-0.122987084,0.010723446525438787,0.010569025286951325,0.0163345
aM10,-0.06904435,0.009701656181158749,0.010071195433827614,0.014567
aM11,0.10387392,0.009587886050038673,0.009677991920195228,0.0139505
aM12,0.17416322,0.010914898412753754,0.010782524826730859,0.0137445
aM13,0.23994267,0.011378236446750838,0.011823360909320783,0.013769
aM14,0.30694237,0.012211939074259784,0.012080681229834744,0.013786
aM15,0.33820307,0.012685675453574293,0.012694389030055245,0.0138615
aM16,0.31370276,0.012986615800408044,0.01285629604587665,0.0143845
aM17,0.29334003,0.011936382923347985,0.012029778689986692,0.0156745
aM18,0.16550487,0.011022246036471891,0.011152499710750826,0.016654
aM19,-0.085970074,0.009406832508041132,0.009475657246096133,0.0176945
aM20,-0.25308114,0.007363251819481055,0.00784750780442785,0.0177075
aM21,-0.57035226,0.005523356365668211,0.005533096055929501,0.017201
aM22,-0.77566767,0.0039024378308929334,0.004132694894901414,0.0153545
aM23,-1.2659563,0.0026176305168191705,0.00286953941606339,0.0132835
aM24,-1.3449332,0.0016362102190656108,0.0017436151045337597,0.010761
aM-25,0.43440777,5.65792318742314e-05,6.595115400881975e-05,0.0013705
aM-24,0.16956778,0.00012447431012330907,0.00015161662322378874,0.00175
aM-23,0.3062572,0.0001675968598220476,0.00017539071651064168,0.0023695
aM-22,0.24102338,0.0002850369951718036,0.00033488812229243257,0.0031265
aM-21,0.24015881,0.0004746538803719305,0.0005140404388652952,0.004133
aM-20,0.23936173,0.000693936633095303,0.0008509159147059942,0.005226
aM-19,0.22937925,0.0011214921258530083,0.0012497923621936683,0.0064595
aM-18,0.16061555,0.001692177783568229,0.0020327910577972444,0.0080745
aM-17,0.17673868,0.0023585893849409328,0.0026051625137211015,0.009563
aM-16,0.18241812,0.003380685562906778,0.0037140117491860497,0.0111185
aM-15,0.17894311,0.004702192919277339,0.004853722135359569,0.0125285
aM-14,0.15704456,0.006085478680180846,0.006504280901793788,0.0139625
aM-13,0.1740142,0.007576723732174101,0.00799354890200605,0.0150895
aM-12,0.09158401,0.009509286792786361,0.00980169030788052,0.015359
aM-11,0.14442103,0.009381142478433373,0.009621019530281735,0.01461
aM-10,-0.013913462,0.009725511208651668,0.010279267767436446,0.012551
aM-9,0.009236961,0.009885462226328549,0.0103583948528758,0.0109635
aM-8,0.09419167,0.008533065667691516,0.00876927534946117,0.0101765
aM-7,-0.005739781,0.009057570438849931,0.009218498555418243,0.009142
aM-6,0.22265294,0.005929809334105258,0.006524836515579047,0.0066065
aM-5,0.09847356,0.0038816411402580807,0.004201852567231659,0.0051495
aM-4,1.0819634,0.12154075340905164,0.11919622414883814,0.176603
aM-3,0.55855256,0.0007483750291688878,0.0010116127876949174,0.001198
aM-2,-0.43809724,0.0002529244581621047,0.0004728260108024454,0.00047
aM-1,2.7312007,1.9879189577432654e-05,2.614104066570634e-05,0.000343
aN0,-7.264686,6.881257930649765e-05,0.0,0.0
aN1,1.472798,0.00029329450468858334,0.0004395190321745463,0.0006445
aN2,0.15799932,0.007363251819481055,0.008604918046826551,0.014698
aN3,-0.05770637,0.012555390303420658,0.012995118766387113,0.013023
aN4,0.049971715,0.024095718603649025,0.024340416664257614,0.0229
aN5,0.024366891,0.023726883178566197,0.024034043338865514,0.022038
aN6,-0.054780584,0.022336563242889136,0.02259653709170918,0.018413
aN7,-0.14065824,0.022622517739118362,0.022709903342604518,0.0155375
aN8,-0.21009214,0.024016201845339293,0.024092474531308004,0.014168
aN9,-0.16164936,0.024785067731457226,0.024298323950212357,0.0138235
aN10,-0.13056716,0.02447372903930605,0.02489403203509407,0.0147145
aN11,-0.01815552,0.021708686685928073,0.022315677608318304,0.016006
aN12,0.017527595,0.01927883805219419,0.020433414838668045,0.0178865
aN13,0.05253716,0.016787822681298973,0.01725182623033477,0.0190295
aN14,0.018030372,0.014176920505567549,0.014495047874717235,0.019502
aN15,0.02690642,0.011274558827262382,0.01167664197015035,0.018582
aN16,0.0094188275,0.00829849123067781,0.009031012287855614,0.0169205
aN17,0.026728602,0.005743862453134811,0.005976278133117526,0.0144725
aN18,-0.06407177,0.0037207726215237797,0.004008474004676113,0.011833
aN19,-0.054592814,0.0022469600896215035,0.0024608103719835684,0.009261
aN20,-0.10843358,0.0013579015649815536,0.0014782457223586401,0.007039
aN21,-0.072858796,0.0007985317536411794,0.000943012432295021,0.005391
aN22,-0.030591756,0.0004966739057500097,0.0005395657354520554,0.003965
aN23,0.24815784,0.000281978658313737,0.0003321642485050212,0.0029425
aN24,0.2876118,0.00015903351661946123,0.00018751017277086996,0.002112
aN-25,0.13957117,0.0001376251586129953,0.00018598916360253987,0.0024245
aN-24,0.051490106,0.00022876359698337885,0.00037753802336173243,0.0031335
aN-23,-0.08793576,0.0004067588021228528,0.0004758545768177771,0.0040785
aN-22,-0.06391857,0.0006844557888352966,0.0008149845215318102,0.005184
aN-21,-0.053468134,0.0010328003569690782,0.0011520534606481452,0.006349
aN-20,-0.002342597,0.0015946168377959057,0.0018208812330049392,0.007483
aN-19,0.012451214,0.002409357776784838,0.0026452289534366976,0.0087695
aN-18,-0.019933715,0.0034840573487094277,0.003861317627965519,0.0096165
aN-17,-0.0055902493,0.0047440921342328515,0.005131404801596119,0.0107675
aN-16,0.0022661749,0.006271119727465486,0.00640916598238702,0.0114675
aN-15,-0.0151640875,0.008259956186266171,0.008610992093591445,0.0123915
aN-14,0.03335452,0.009500111782212162,0.009785616559411764,0.013003
aN-13,0.043448888,0.011518614108536093,0.011888546982074151,0.01396
aN-12,-0.075376585,0.014694391101952411,0.015005436623514421,0.0146865
aN-11,-0.0473986,0.017333429976778048,0.018274807894792192,0.01741
aN-10,-0.121126354,0.0193895498464562,0.0196885424530495,0.018448
aN-9,-0.1653043,0.02054468367774794,0.020582666066197294,0.016032
aN-8,-0.22297783,0.022130737172341257,0.02270308751592778,0.0146395
aN-7,-0.1893155,0.029227607851484715,0.029213610868815038,0.018941
aN-6,-0.18074363,0.07568588556131645,0.07613762338809578,0.069965
aN-5,0.065324076,0.019176689601134764,0.019599863902437707,0.0158425
aN-4,0.074382916,0.008372502982643021,0.009037002998387219,0.0078885
aN-3,-0.18038742,0.009155437218308062,0.009916498035090498,0.0064135
aN-2,-0.11022764,0.0067262002519457905,0.0068903183608898895,0.0047685
aN-1,4.146026,6.116673716133124e-07,4.621698786603271e-06,0.000154
aP0,-8.637095,0.00016056268504849452,0.0,0.0
aP1,3.573344,0.0002443611149595183,0.0001821394337567919,0.002512
aP2,1.7882223,0.0023277001826744604,0.0024681113304572586,0.0108355
aP3,0.77641726,0.022738122872353276,0.02334745297692106,0.056232
aP4,0.0051102345,0.08632247531998614,0.08667995879420788,0.103155
aP5,0.09346876,0.054885219088548334,0.05605540591449198,0.076025
aP6,0.0038043957,0.04310114134073206,0.042938204228784395,0.0563965
aP7,0.15967919,0.027827195404176035,0.028447885133656273,0.042892
aP8,-0.09518376,0.0334906235979437,0.03399770010375663,0.037361
aP9,-0.18057553,0.03912591509261715,0.03893394522531072,0.038729
aP10,-0.18062969,0.041430983582541915,0.04165821153475136,0.041177
aP11,-0.15970513,0.04361127192865757,0.043428056544722114,0.0430665
aP12,-0.13801779,0.04011406373145845,0.04077965805970321,0.044679
aP13,-0.16391654,0.037737430159054924,0.037610011912309366,0.0461815
aP14,-0.19660579,0.03690281003048856,0.03731964992814228,0.0465505
aP15,-0.2078333,0.03151891382554818,0.032344325519041955,0.0446725
aP16,-0.15947488,0.024777727722997866,0.026319738739357904,0.0416125
aP17,-0.13638596,0.019559593375764697,0.020053110815127187,0.0374155
aP18,-0.0619065,0.015263853424924406,0.015495163254258372,0.032311
aP19,-0.07272454,0.011596295864730984,0.012218029106080433,0.0273425
aP20,-0.00082494377,0.008225702813455827,0.008770218778518772,0.0228865
aP21,0.048162606,0.005465247965364947,0.0059611689415832525,0.0183105
aP22,0.092317775,0.0034913973571687874,0.00373789943528412,0.014473
aP23,0.10279052,0.0020652948802523494,0.002225726776136146,0.0111335
aP24,0.067721054,0.0012199705726827516,0.0014118356152946945,0.008316
aP-25,0.27444035,0.0004217446527273789,0.00047433289925467875,0.009066
aP-24,0.18632038,0.0007297191743346818,0.0008386121827558424,0.0118875
aP-23,0.038796566,0.0012588114507801971,0.0014146304772564438,0.0151655
aP-22,0.06619537,0.0020206431621245776,0.0022773810266951662,0.018649
aP-21,0.062281195,0.0032039136925105308,0.003680422047542005,0.0225565
aP-20,0.027800687,0.004834924738917428,0.005167581000375224,0.026431
aP-19,0.05400692,0.007274560050597125,0.007667263226969115,0.0301235
aP-18,0.029884694,0.010185179238419072,0.010869507527844723,0.033492
aP-17,0.049708486,0.013565558967640043,0.01427093252038419,0.036882
aP-16,0.08042245,0.017226999854117332,0.017277571637981187,0.039847
aP-15,0.06540757,0.0209058732606856,0.021381910873193615,0.04207
aP-14,0.075826965,0.02507836223614581,0.025812148938470867,0.044225
aP-13,0.03681124,0.031067503305297558,0.03176289518272604,0.045978
aP-12,0.07198862,0.033179896573164135,0.03389115151839498,0.049134
aP-11,0.1591357,0.03228625054323708,0.032838069175564075,0.052018
aP-10,0.13343678,0.03327562251682162,0.03339469490802288,0.0502475
aP-9,0.13370007,0.034092810125297,0.03426978531503755,0.0442735
aP-8,-0.01429048,0.045862207856194555,0.04621087156302035,0.0461315
aP-7,0.005977732,0.055878261066362546,0.05568609804661804,0.04909
aP-6,0.47368914,0.034131039336022836,0.03446099295421396,0.0412335
aP-5,-0.4758376,0.06891014025226998,0.0684897014860055,0.035297
aP-4,-0.039380938,0.028216827519893718,0.028993261628822167,0.0217605
aP-3,1.0288622,0.006792566161765835,0.007623249228821696,0.0128115
aP-2,0.284405,0.12388925028236095,0.12467268314191596,0.1219795
aP-1,3.7268023,4.648672024261175e-05,5.4575041213401864e-05,0.0012555
aQ0,-6.2320213,3.547670755357212e-05,0.0,0.0
aQ1,1.2972796,0.0002547594602769446,0.00040251083301650036,0.0005415
aQ2,0.91511995,0.0015297800964048944,0.001839397692744628,0.0027295
aQ3,-0.11168271,0.02159552822217961,0.02234647559566303,0.016808
aQ4,0.0062418734,0.029853343572645134,0.029573510861577276,0.0288215
aQ5,0.13126864,0.02069178968062094,0.020873850112475844,0.022124
aQ6,0.1395955,0.018672369853239588,0.018892551709144053,0.020014
aQ7,0.20256343,0.01523327005634374,0.015288954590620534,0.0172485
aQ8,0.06390955,0.012792717243606623,0.013108352238089465,0.014619
aQ9,0.11828654,0.010579398859423852,0.010815223247826486,0.0127005
aQ10,0.16538072,0.00917837474474356,0.009564503974679246,0.0116055
aQ11,0.14906397,0.00829298622433329,0.008796686205566121,0.0107955
aQ12,0.066640645,0.007663274665257385,0.008058029102909887,0.0103745
aQ13,0.11654793,0.006824984532461341,0.007247393679912103,0.01041
aQ14,0.07346896,0.005939290178365264,0.006445794033316823,0.0102505
aQ15,0.06466486,0.004715343767767026,0.004982741408646358,0.009565
aQ16,0.057310306,0.0033608063733293453,0.0038448823704131502,0.008573
aQ17,0.09265744,0.002433212804277757,0.002745434953575718,0.0073785
aQ18,0.0440283,0.0017016586278282351,0.001959659299437757,0.0061565
aQ19,0.05197061,0.0011575805007781937,0.0013540234601296564,0.004949
aQ20,0.07885101,0.0007220733321895153,0.000860601924796141,0.0038665
aQ21,0.037414413,0.00043856550544674503,0.0005637861384756383,0.0029595
aQ22,0.10106467,0.00026240530242211107,0.0003136045077189732,0.0022705
aQ23,0.22325702,0.00015077600710268152,0.00019224000537536556,0.0016715
aQ24,0.4579945,8.685676676909037e-05,0.00011195294659179594,0.001269
aQ-25,0.08092516,0.00016086851873430117,0.00019562571304324107,0.002341
aQ-24,-0.12907885,0.0002942120057460033,0.0003215951505978111,0.0029675
aQ-23,-0.16603835,0.0004920864004629099,0.0005596295042561854,0.003827
aQ-22,-0.14716777,0.0007413408543953347,0.0008302466906293545,0.0047465
aQ-21,-0.24489982,0.0012453547686047041,0.0013924024093592573,0.005718
aQ-20,-0.19223411,0.0019441847406729137,0.002163508998171422,0.006785
aQ-19,-0.2073879,0.002667787241291462,0.002946408942677313,0.007878
aQ-18,-0.1494963,0.0037360643058141126,0.003937111328707814,0.0088935
aQ-17,-0.16662802,0.005008638272455609,0.005083423515501781,0.010199
aQ-16,-0.10838185,0.006448503265233346,0.006621137453249299,0.011329
aQ-15,-0.070199765,0.007896625767527863,0.008122203338579716,0.012479
aQ-14,-0.05574982,0.009407444175412746,0.009788886681831852,0.013289
aQ-13,-0.08452976,0.011866958676669875,0.012503007296487302,0.014286
aQ-12,-0.11645885,0.013675964928216246,0.013744930068732465,0.0155125
aQ-11,-0.12408272,0.015564182104386542,0.015584575781321709,0.016482
aQ-10,-0.11186528,0.015221036708911473,0.015599573641558602,0.015935
aQ-9,-0.13358262,0.015382822728703194,0.015879068110335782,0.0143055
aQ-8,-0.19403352,0.016051680999562352,0.01654816047167523,0.0138885
aQ-7,-0.15286765,0.01697652206544168,0.016825708264553225,0.0139425
aQ-6,0.017576342,0.011484054902039941,0.01166066113734355,0.0101885
aQ-5,-0.31852016,0.009808697971191079,0.010087145251521505,0.008076
aQ-4,0.07750286,0.0035412482479552725,0.003936208223849298,0.004012
aQ-3,1.1680535,0.013545985611748418,0.014759661362527973,0.0163765
aQ-2,-0.8051445,0.0008811068488089765,0.0010610002868804659,0.000814
aQ-1,4.139868,1.2845014803879561e-05,8.802761544229299e-06,0.0004135
aR0,-9.908415,0.0003474270670763615,0.0,0.0
aR1,2.153187,0.000909243547903189,0.0010873634463533632,0.0025855
aR2,0.28450173,0.6863788710516489,0.6844027625174692,0.613442
aR3,0.45545542,0.0450281993949998,0.04606793219660273,0.068591
aR4,0.019264176,0.11785790416456789,0.11787392339566775,0.1125095
aR5,0.078510284,0.0815924515353004,0.08001960858710039,0.084416
aR6,0.17951632,0.05466746550425399,0.054716542383882336,0.068291
aR7,0.18711114,0.04230077458497604,0.04274243256782662,0.0551615
aR8,0.19819796,0.03566785360720128,0.036224495137033685,0.0468915
aR9,0.18891656,0.033806549795381974,0.033569572226168874,0.042724
aR10,0.1866097,0.030978199869042017,0.03156552237972107,0.0415915
aR11,0.26436588,0.02615397930912782,0.02711575324436351,0.0426225
aR12,0.26279905,0.02251822845225829,0.023181042965366248,0.045257
aR13,0.24688028,0.019417380711864603,0.019945708227018195,0.0478315
aR14,0.2259728,0.015697219757712436,0.01638241091856314,0.048937
aR15,0.1828236,0.011885614531504081,0.012466098564225462,0.048519
aR16,0.21705635,0.007899989938071736,0.008476887437661486,0.0464005
aR17,0.23883455,0.0049832540765336565,0.005585354225977569,0.043902
aR18,0.3043525,0.003041821839033003,0.0033088536248143115,0.0407355
aR19,0.34395778,0.0017603786955031132,0.0020506094514173676,0.037379
aR20,0.3511833,0.0010655245613503902,0.0011865596507008793,0.0340835
aR21,0.46178654,0.0006339932306771984,0.0007051849816179771,0.030271
aR22,0.37375584,0.00040828797055188605,0.00044172210286009346,0.026387
aR23,0.7689683,0.00020582607054787965,0.0002316846011066453,0.022208
aR24,0.7072849,0.0001409893291568685,0.0001649900064750787,0.0182145
aR-25,-0.15140472,0.004457525970632014,0.004785263334751009,0.032306
aR-24,-0.21088196,0.007104516521288624,0.0075554685937920685,0.0404285
aR-23,-0.23771574,0.011183420388891998,0.011217629771953376,0.0493525
aR-22,-0.23672433,0.017221800681458618,0.017948912579844833,0.0586335
aR-21,-0.21137665,0.02563559121168554,0.02593787199406568,0.067706
aR-20,-0.21704687,0.03582168795116203,0.03663092555180471,0.075309
aR-19,-0.21489835,0.0478629718287417,0.048263522320725546,0.08168
aR-18,-0.16911843,0.06077588171087034,0.05967196048390643,0.0859745
aR-17,-0.16409212,0.07355024893332857,0.07382562306645124,0.0873485
aR-16,-0.13267703,0.08703384447317242,0.0886767127106407,0.086312
aR-15,-0.1678848,0.10167838468433835,0.10535950067592972,0.0834935
aR-14,-0.11962631,0.1121519650884731,0.1117197566715587,0.079268
aR-13,-0.17031752,0.11204064162683948,0.10891564467235273,0.074663
aR-12,-0.20676392,0.10671301882008752,0.1068933332565207,0.071114
aR-11,-0.21850482,0.09644312365070001,0.09282662079838121,0.066943
aR-10,-0.18392542,0.07609111519501026,0.07626800277220216,0.0597045
aR-9,-0.16778386,0.06229342845984297,0.061575638200814124,0.050807
aR-8,-0.2241327,0.058069559425167235,0.0586326585070351,0.0503965
aR-7,-0.08649266,0.05230061860979628,0.0525859340843193,0.050367
aR-6,-0.07897579,0.04907009738662057,0.0494618389927638,0.041915
aR-5,0.24186043,0.02574783217437658,0.02650725341142383,0.1624885
aR-4,0.90185016,0.007251010856790013,0.0076995390998686845,0.0198635
aR-3,0.72037214,0.005781174162803222,0.0063288641930587825,0.0110185
aR-2,0.3046929,0.002258887603367963,0.0026835507108779865,0.13554
aR-1,2.2986639,0.0007710067219185803,0.0009247244678464687,0.0070095
aS0,-9.891829,0.00035079123762023467,0.0,0.0
aS1,1.1089011,0.0015811601556204127,0.0020385548728421416,0.001906
aS2,0.76717144,0.04283934770568156,0.04378457717437366,0.0633915
aS3,-0.3249556,0.05555866486469459,0.055366703525999386,0.0408445
aS4,-0.023801178,0.0904188117076805,0.09058188276399735,0.075585
aS5,-0.004965092,0.10706228088927873,0.10606911163365904,0.085234
aS6,-0.011425418,0.127402361831222,0.12752759596346355,0.09431
aS7,-0.03413375,0.1393029622133306,0.14192233975002158,0.1034615
aS8,-0.040629957,0.14036053509885005,0.1436587272450759,0.1086035
aS9,-0.017979324,0.1340735120197226,0.13500666601691008,0.1088605
aS10,-0.013328419,0.11048027816185392,0.11196094785583953,0.1027515
aS11,-0.01684854,0.08808805318814797,0.08852235831754958,0.091042
aS12,-0.026179764,0.06197872559714792,0.06260053626991995,0.077611
aS13,-0.00870929,0.041405905220305766,0.04225517234670481,0.064354
aS14,-0.0036331345,0.028229060867325982,0.029156098201097092,0.0526015
aS15,0.03860255,0.0185442255388866,0.019146063866794318,0.043052
aS16,0.049187046,0.011591402525758078,0.012236887895374632,0.0337155
aS17,0.04330103,0.007162319087906082,0.007431097780572608,0.0259825
aS18,0.03673688,0.004365164197518404,0.0047388302742883085,0.019823
aS19,0.073719226,0.0025271037458204004,0.002887764930072386,0.014923
aS20,0.03964309,0.001541707610151354,0.001742193977628905,0.010943
aS21,0.086974375,0.0009416619185986945,0.001118884674017507,0.0080345
aS22,0.1577578,0.0005456072954790747,0.0006183096147270152,0.0058365
aS23,0.26219743,0.00032877121224215544,0.00035646209117531176,0.004286
aS24,0.42616042,0.00017983020725431385,0.0002040519027050136,0.0031205
aS-25,0.15131925,0.0006339932306771984,0.0007249298157852645,0.00963
aS-24,0.03304527,0.0010964137636168625,0.0012040832166582453,0.012435
aS-23,-0.02507799,0.0017768937145366728,0.002052410902337982,0.0161745
aS-22,-0.0074903322,0.0029326392132000265,0.003055192229768965,0.020739
aS-21,-0.06661021,0.004621452826224382,0.005011033242210836,0.025766
aS-20,-0.046955712,0.007298720911775851,0.00779783696201323,0.032241
aS-19,-0.02189887,0.011014600194326724,0.011813875170927576,0.039374
aS-18,-0.038132627,0.016284420434461218,0.016946358990643586,0.048224
aS-17,-0.04127991,0.023084938272058025,0.02398405914234512,0.05761
aS-16,-0.023758821,0.03228043970320676,0.032911023486329655,0.0673475
aS-15,-0.020907642,0.04328953489118896,0.044430297503027266,0.075973
aS-14,-0.03892166,0.05880600694058966,0.05970340946994218,0.083861
aS-13,-0.0648517,0.08063366293029653,0.08052283283101958,0.090619
aS-12,-0.10785332,0.10220717112709805,0.10237093381450414,0.0955255
aS-11,-0.12044022,0.12163250351479363,0.12056429733234836,0.098579
aS-10,-0.12244344,0.13601433258985166,0.13660345196916793,0.095157
aS-9,-0.13128291,0.1361999736371363,0.1370580694429551,0.0834015
aS-8,-0.12382692,0.1296257727270364,0.12983665077337714,0.075912
aS-7,-0.16309473,0.11783527247181819,0.11863541624334834,0.065954
aS-6,-0.1664305,0.08804554230582085,0.09092351493308959,0.04998
aS-5,-0.1478815,0.053095174525521975,0.05342187306421003,0.037149
aS-4,0.1712532,0.023673973950921644,0.024628521501407135,0.022216
aS-3,0.4255431,0.011550420811859986,0.012229227298247757,0.0127285
aS-2,-0.9395234,0.012312558356890173,0.013149917985067774,0.0050465
aS-1,0.93812793,0.0002920711699453567,0.00047613274280911255,0.0008055
aT0,-8.891203,0.000166373525078821,0.0,0.0
aT1,2.7001944,0.024784456064085615,0.027371967934853768,0.068336
aT2,0.003535828,0.0455199799617769,0.052393047681126924,0.04561
aT3,-0.08744934,0.027344284014287325,0.02897100442709997,0.026688
aT4,0.21985205,0.04319839645281858,0.043312770104363976,0.0499785
aT5,0.12409216,0.051047312165360605,0.0512069596514215,0.056171
aT6,0.1480528,0.050143879457487744,0.050361667169851486,0.0593345
aT7,0.08262918,0.050868705292849516,0.05130328273758965,0.0609305
aT8,0.07547215,0.052184401809189755,0.052646395588881886,0.061388
aT9,0.084465794,0.04926307844236457,0.049816001424446546,0.060083
aT10,0.11110722,0.04234053296413091,0.042394570763015775,0.056131
aT11,0.10884775,0.03356708201939536,0.03485312321750626,0.0515755
aT12,0.16902985,0.023894480038388243,0.024605733590995386,0.0471515
aT13,0.21790601,0.016916578663023575,0.017555940535613494,0.0426165
aT14,0.24360716,0.012486883557799967,0.01291341676998917,0.03702
aT15,0.2199288,0.008759994262560054,0.0090875486311787,0.030683
aT16,0.2536928,0.005675661541199926,0.0060634634084178254,0.0245165
aT17,0.2673742,0.003621682507322423,0.003933206141263958,0.0190335
aT18,0.22671477,0.00224451342013505,0.0024234037344837487,0.014147
aT19,0.27384362,0.0013349640385460545,0.0014866327826797963,0.0104925
aT20,0.26403925,0.0007495983639121144,0.000812914607080525,0.007663
aT21,0.3064665,0.00041593381269705245,0.0005320474768074165,0.0056295
aT22,0.525915,0.00025659446239178455,0.0002755311807634164,0.0041565
aT23,0.5624959,0.00015414017764655473,0.00019418884938535145,0.002966
aT24,0.687606,9.909011420135661e-05,0.00012046411028294543,0.002141
aT-25,0.22277044,0.0005352089501616484,0.0007325737423023954,0.0094225
aT-24,0.06873856,0.0009126077184470622,0.0011348483181847912,0.011997
aT-23,0.0040992443,0.001516017580543595,0.0019725149817311992,0.0152645
aT-22,0.0019054945,0.002448198654882283,0.0029346557773214754,0.01879
aT-21,0.050958145,0.003709456775148933,0.004478164233782724,0.023133
aT-20,-0.054811403,0.005597979785005035,0.006417117040932835,0.0270245
aT-19,-0.030037401,0.008107039343362843,0.008998700282714775,0.0315845
aT-18,-0.04848383,0.011483443234668328,0.012288338464107255,0.035772
aT-17,0.0034522035,0.014989520608755835,0.01610929990645107,0.040484
aT-16,-0.026099589,0.01948558162379949,0.020951000140181107,0.04437
aT-15,-0.014048836,0.024426936485377634,0.02631317339127494,0.0485085
aT-14,-0.048134975,0.02983896938941222,0.03195068876570952,0.0517915
aT-13,-0.058533356,0.0353653840919385,0.03675789191576811,0.054209
aT-12,-0.09800333,0.04069851190503497,0.042059038548466134,0.056587
aT-11,-0.118038006,0.04497804267052751,0.04567926987512516,0.0574685
aT-10,-0.1554505,0.04822813724959485,0.04904717904539428,0.054646
aT-9,-0.16840178,0.050815490231519156,0.05058253001651337,0.050496
aT-8,-0.18003397,0.05248289548653705,0.053370755595372917,0.0490775
aT-7,-0.18519187,0.05370531272870625,0.05377935676835629,0.0463615
aT-6,-0.0894495,0.042849440217313184,0.04284168281075059,0.037182
aT-5,-0.29176342,0.033482671922112725,0.03334526882046298,0.0284025
aT-4,0.24627897,0.012266377470333368,0.012667749012060317,0.0166
aT-3,0.54242975,0.00554170638681661,0.00594491024983676,0.0089485
aT-2,-0.23619714,0.0029488483985477794,0.0032520807601893165,0.0034935
aT-1,3.2581291,3.21125370096989e-05,3.196835813706193e-05,0.0006995
aV0,-9.472482,0.00025628862870597793,0.0,0.0
aV1,-0.03672517,0.008845627694585918,0.01024480324755842,0.0053835
aV2,0.5299728,0.0043098083003874,0.004900215843863052,0.006219
aV3,-0.2717176,0.07921581796289687,0.07894466493839693,0.069774
aV4,-0.025913656,0.05185165475903211,0.05217838681280446,0.0641435
aV5,-0.022801423,0.06051561724424887,0.06046678523559168,0.080235
aV6,0.029607134,0.06159949182674766,0.0617682658624891,0.099463
aV7,0.121473275,0.05900357550162077,0.05876628473830319,0.118486
aV8,0.07421098,0.057272556839955094,0.05772939079165165,0.1295685
aV9,0.08592065,0.05142195843047376,0.05221523244514686,0.130048
aV10,0.0629328,0.04395594649256167,0.04507229780866486,0.120044
aV11,0.05889963,0.03732210801372948,0.03691602431351026,0.103955
aV12,0.10110217,0.029571670748017205,0.029889236128133777,0.085016
aV13,0.108009465,0.023677338121465517,0.02386791186461765,0.0675875
aV14,0.10919725,0.020714115539684826,0.020789954635501262,0.053753
aV15,0.07194681,0.01865677233526345,0.019071933261706992,0.0437235
aV16,0.04616293,0.017201003990823766,0.01676209343192739,0.0361325
aV17,0.01646312,0.01601345178883652,0.015992402567559103,0.031015
aV18,-0.05097707,0.01530177680196443,0.015128431119245552,0.02732
aV19,-0.14438225,0.013565253133954238,0.01358530532777946,0.0251055
aV20,-0.2028426,0.012068808909302267,0.012156946211568554,0.023644
aV21,-0.2399374,0.010056117423008663,0.010088742786115672,0.02283
aV22,-0.2773528,0.007769704787918101,0.008295571087130074,0.0216025
aV23,-0.16281484,0.005728570768844477,0.005744724654519808,0.0199845
aV24,-0.34888893,0.0040281354757594695,0.004326723451565577,0.017297
aV-25,0.2670936,0.000563957316627474,0.0006319373095143976,0.008426
aV-24,0.12903832,0.0009309577395954615,0.001047138999380259,0.0113245
aV-23,0.1978585,0.0014227383063725647,0.001559696530527888,0.015055
aV-22,0.17803502,0.002350331875424153,0.0026035619803676325,0.0198505
aV-21,0.12568274,0.003698140928774087,0.004075458261168469,0.025807
aV-20,0.12178968,0.0055903339428598695,0.0061446890733487525,0.0332505
aV-19,0.19810139,0.008216527802881627,0.008733881942713441,0.0423725
aV-18,0.17400153,0.011686822635729755,0.012253484549059952,0.0529295
aV-17,0.17847094,0.016051680999562352,0.016886796991568864,0.0640295
aV-16,0.17676897,0.021393066322175604,0.02234766059109747,0.0745485
aV-15,0.23594646,0.02723143138422467,0.027517376424289752,0.0842235
aV-14,0.22169182,0.035079429595709276,0.03552315103940018,0.092627
aV-13,0.18492943,0.042617312449785935,0.04366970525241717,0.099098
aV-12,0.2154466,0.04915634248601805,0.04992765717738642,0.103105
aV-11,0.21436492,0.054648197982048174,0.055520676959614594,0.103788
aV-10,0.20208819,0.05811696364646727,0.0582774630522184,0.098873
aV-9,0.19939739,0.055412782196564814,0.05642127908124867,0.0893585
aV-8,0.22135016,0.05378177115015792,0.053395737020435624,0.0727775
aV-7,0.2870204,0.04368742451642342,0.043690953497847636,0.058899
aV-6,0.51230294,0.027761746995413412,0.027742757408669744,0.0427975
aV-5,0.060833953,0.02650354721200483,0.026606344376346774,0.028547
aV-4,0.3782731,0.02651455722469387,0.026730639599991952,0.0338095
aV-3,0.26764542,0.008095723496987997,0.008804598923522986,0.008359
aV-2,-0.9965094,0.13519622748031884,0.12988355381702418,0.177805
aV-1,2.7459986,4.373421707035184e-05,6.698789998671613e-05,0.000655
aW0,-9.23901,0.0002452786160169383,0.0,0.0
aW1,0.6046934,0.0004997322426080762,0.0006059879255438293,0.0004695
aW2,1.1728749,0.0009025152068154425,0.0008692818714569129,0.001982
aW3,-0.20074797,0.00863613161980836,0.00921571364403684,0.0098845
aW4,-0.16704014,0.019161397916844434,0.019926208103801826,0.0194655
aW5,-0.20397261,0.025460042676032517,0.025410781701257535,0.02193
aW6,-0.13794702,0.03205381694202403,0.03187700020094108,0.024938
aW7,-0.0951793,0.04070034690714981,0.04123540596509615,0.0303605
aW8,-0.043363262,0.04893033139220693,0.048432847320477916,0.0376765
aW9,0.028207004,0.055696595856993394,0.0574519206450566,0.0442975
aW10,0.15189451,0.06468565955022264,0.06458923656143854,0.048255
aW11,0.11421393,0.07665843668218161,0.07810191859485367,0.0510865
aW12,0.15290584,0.09534670988708314,0.09284700190418078,0.054242
aW13,0.12708947,0.10617689236886846,0.10737556652038077,0.059027
aW14,0.10145725,0.12145389664228255,0.11584004755155017,0.065466
aW15,0.08104803,0.13204889301968253,0.12977209133256723,0.072451
aW16,0.014287582,0.11927452579722432,0.12316814338445378,0.0787075
aW17,0.10072288,0.10190194910866301,0.10346256787165102,0.08188
aW18,0.09322018,0.08499913296150073,0.08513374051539992,0.082386
aW19,0.16062498,0.06906672709940298,0.06783541575475475,0.080246
aW20,0.15979178,0.053245644698938846,0.05408427514760985,0.075352
aW21,0.24293767,0.04052326920306776,0.04202726253466689,0.0684295
aW22,0.16395445,0.02889333163289804,0.029941272455987992,0.060881
aW23,0.0758262,0.019427167389810415,0.020656129894821608,0.052287
aW24,0.091681495,0.012631237057500709,0.012972406358398678,0.0439415
aW-25,1.0123317,6.728341087746438e-05,7.570939935999001e-05,0.002011
aW-24,0.7036166,0.0001284501480387956,0.00014395498145189126,0.0027535
aW-23,0.5376129,0.00022815192961176555,0.0002800209426766886,0.0035785
aW-22,0.5476315,0.00036149541662346764,0.0004730236101770894,0.0046585
aW-21,0.41063607,0.0006287940580184852,0.0006760613703547488,0.0059425
aW-20,0.44267482,0.0009933478115000194,0.001105697297061073,0.0074745
aW-19,0.38611355,0.0015949226714817122,0.0018090892400544952,0.0093475
aW-18,0.3385846,0.0025436187648539598,0.002737028007794722,0.0117645
aW-17,0.35740975,0.0038889811487174404,0.004227436770763303,0.014813
aW-16,0.29556227,0.005778421659630962,0.005862061706485579,0.0179815
aW-15,0.28807208,0.008316535418140402,0.008691435039044185,0.020849
aW-14,0.25910547,0.011632995907027783,0.012264370050719568,0.023187
aW-13,0.19127087,0.01637188886860192,0.01707467841616935,0.025943
aW-12,0.13286772,0.021734070881850025,0.02233930793991005,0.028197
aW-11,0.16462603,0.025624275365310693,0.02552059807407993,0.028847
aW-10,0.11409655,0.03019587730074859,0.030512854400885213,0.028193
aW-9,0.19638062,0.030584286081723044,0.030232094709871482,0.0265675
aW-8,0.18363108,0.03303003806711887,0.0328046463522279,0.025166
aW-7,0.115236335,0.03353833365292953,0.034167840567272366,0.022136
aW-6,-0.002334164,0.036478007040903114,0.03777902804792314,0.0275845
aW-5,0.39285278,0.1066754012767333,0.10754346226713314,0.1150525
aW-4,-0.020830885,0.008038532597742152,0.008944630924080257,0.005621
aW-3,0.6086896,0.0022130125504969643,0.002578367374396933,0.0024655
aW-2,-0.4630764,0.0007465400270540479,0.001033332964767895,0.000893
aW-1,-0.16105586,0.9971759317452613,0.9961138107648846,0.8489985
aY0,-8.997573,0.00035874291345120774,0.0,0.0
aY1,0.93094313,0.000653872420254631,0.0006167078857678536,0.000626
aY2,1.2459828,0.0016567010760146568,0.001795649668975342,0.003374
aY3,0.10623303,0.014806326230957649,0.014779336707187325,0.016295
aY4,0.016901106,0.050309029647823335,0.0507919174154103,0.0410745
aY5,-0.14583111,0.095285237316236,0.09539587947055089,0.063795
aY6,-0.20036495,0.12435778748901674,0.12463851140151329,0.0784485
aY7,-0.2394843,0.13443133743211638,0.13123182073472253,0.0828255
aY8,-0.14044105,0.12446788761590714,0.12306147619507284,0.081297
aY9,-0.17358477,0.13020716256375486,0.12959280970748702,0.081746
aY10,-0.13566208,0.1422288730854429,0.1404970135368438,0.089175
aY11,-0.17764021,0.16627168246144736,0.16463620760649122,0.1037495
aY12,-0.14708795,0.17655350514458135,0.17697247566964086,0.1212175
aY13,-0.15518834,0.18156397841915178,0.17632234568287683,0.1358805
aY14,-0.11290729,0.1675595481123792,0.1659396775510051,0.1462915
aY15,-0.04111862,0.13624003784997696,0.13902758487954975,0.1527085
aY16,0.011846279,0.10835167570863959,0.10970595166852577,0.154836
aY17,0.05593873,0.08448930820726104,0.08497188541072553,0.1521025
aY18,0.14718397,0.06179920122357941,0.06189992438322507,0.144503
aY19,0.19919862,0.04286534356897513,0.043859478169194756,0.130652
aY20,0.21719548,0.02929030375707508,0.030122893888888006,0.113374
aY21,0.24413158,0.01886902091321327,0.019702035195705892,0.094904
aY22,0.32569814,0.011380377282551484,0.012050550537745841,0.076361
aY23,0.31324622,0.006635979314632827,0.00694045115882897,0.059629
aY24,0.17458709,0.0038730777970554945,0.00432564914017365,0.045601
aY-25,0.41412973,0.0002449727823311316,0.0002830196038974493,0.0044705
aY-24,0.26379365,0.0004324488317306119,0.0004934958756218248,0.006253
aY-23,0.19591992,0.0007838517367224599,0.0008506562134589955,0.0087625
aY-22,0.124796286,0.0014615791844700102,0.0015446360051232107,0.012134
aY-21,0.035523523,0.002709992289932781,0.003006232940652967,0.016536
aY-20,0.04499464,0.004731858786800585,0.005104338902515116,0.021815
aY-19,0.07372936,0.007629327126132846,0.008151951944403312,0.0276795
aY-18,0.015935931,0.012485966056742548,0.013438635140027518,0.0329765
aY-17,-0.010225047,0.020543154509318904,0.021394059197119886,0.038538
aY-16,0.022635473,0.029970477874309082,0.030648809851655225,0.0448955
aY-15,0.06355081,0.041037375628908745,0.041121759898191244,0.051227
aY-14,0.030489232,0.054665630502139156,0.0553336265487408,0.056966
aY-13,0.10133861,0.06160255016360573,0.06178821675242544,0.0609095
aY-12,0.15710774,0.06657938173273745,0.06628619599429865,0.061747
aY-11,0.08419933,0.08138876630055317,0.08249164226620906,0.0660275
aY-10,0.13579604,0.09893842069319651,0.09962026765397129,0.1016695
aY-9,0.1492086,0.13234799836440145,0.13217274891659786,0.158564
aY-8,0.1453563,0.1549509427476282,0.15398519556637866,0.1898135
aY-7,0.15967807,0.17277707079224075,0.172157644023048,0.211794
aY-6,-0.12617686,0.22176673391949417,0.21758186165192936,0.2414875
aY-5,0.4101431,0.23883775859385012,0.23829372966665274,0.2960555
aY-4,-0.2495691,0.0286985155750392,0.030142730384113886,0.1427635
aY-3,0.68207586,0.00817493442161192,0.008967651997281946,0.0084355
aY-2,0.57655555,0.5765582761500799,0.5714235559642856,0.426102
aY-1,2.014561,1.773835377678606e-05,3.6820768591810886e-05,0.0001655
v4-30-2;j1,-6.1195884,9.052677099877025e-05,0.00024175362533356603,1.25e-05
v4-30-2;j4,-3.677936,0.003756249329077352,0.00440173519856371,0.000319
v4-30-2;j3,-5.4579434,0.000771312555604387,0.0012614771552815446,4.15e-05
v4-30-2;j5,-4.233311,0.0014649433550138833,0.002202741244113839,0.0001015
v4-30-2;j6,-3.9138691,0.0006024923610391127,0.0007000863940906395,0.0002095
v4-30-2;j2,-5.5396595,0.00014068349547106186,0.0006131667961473308,1.35e-05
v3-43;j1,-0.2548012,0.00011499346586330274,0.000119718807283041,0.000155
v3-43;j4,1.2667658,0.0030253068199994435,0.003158021589558186,0.003945
v3-43;j3,0.85974175,0.00030858618897891614,0.0003308415646431241,0.000561
v3-43;j5,2.3145523,0.00033152371541441533,0.0003405389978444797,0.0012115
v3-43;j6,0.5915345,0.0006599890939707642,0.0006667384269301945,0.0026415
v3-43;j2,1.0447439,7.003591404972427e-05,7.90316688028731e-05,0.0001265
v2-26;j1,6.6349072,6.116673716133124e-07,4.040193298934633e-08,0.0002405
v2-26;j4,3.8536484,9.939594788716327e-05,8.330650179911645e-05,0.006848
v2-26;j3,4.8838644,1.3456682175492874e-05,2.134777517561594e-06,0.00094
v2-26;j5,4.524619,2.7219198036792404e-05,1.2811372580500175e-05,0.0021335
v2-26;j6,3.6906345,2.752503172259906e-05,1.1010788584141874e-05,0.00463
v2-26;j2,4.8738394,3.975837915486531e-06,5.631438337263637e-07,0.0002285
v3-22;j1,-0.21267277,1.2233347432266249e-06,0.0,0.0
v3-22;j4,-7.41267,7.156508247875756e-05,0.0,0.0
v3-22;j3,-1.7899618,7.645842145166406e-06,0.0,0.0
v3-22;j5,-2.9394455,1.4985850604526156e-05,0.0,0.0
v3-22;j6,-3.1609745,1.46800169187195e-05,0.0,0.0
v3-22;j2,-0.2834004,1.2233347432266249e-06,0.0,0.0
v3-29;j1,2.9959716e-05,6.116673716133124e-07,0.0,0.0
v3-29;j4,-0.063628994,0.0,0.0,0.0
v3-29;j3,-0.02961076,0.0,0.0,0.0
v3-29;j5,-0.032689318,0.0,0.0,0.0
v3-29;j6,0.011714324,0.0,0.0,0.0
v3-29;j2,0.053778157,0.0,0.0,0.0
v3-32;j1,0.049702063,0.0,0.0,0.0
v3-32;j4,0.04654924,0.0,0.0,0.0
v3-32;j3,0.028713487,0.0,0.0,0.0
v3-32;j5,0.032842085,0.0,0.0,0.0
v3-32;j6,0.05401706,0.0,0.0,0.0
v3-32;j2,0.0005282834,0.0,0.0,0.0
v3-33;j1,-5.8394465,0.0002847311614859969,0.0007131900514560802,1.95e-05
v3-33;j4,-3.4159052,0.013358509562348938,0.013201071956670458,0.000669
v3-33;j3,-4.6338506,0.0016392685559236775,0.0025539308891890464,8.65e-05
v3-33;j5,-2.7522995,0.001783622055624419,0.0020944336645658946,0.0002135
v3-33;j6,-3.8188455,0.0029106191878219474,0.0025358341246060337,0.000451
v3-33;j2,-4.8255906,0.00026882780982405083,0.0009185936476508406,2.15e-05
v3-47;j1,-0.03155471,3.058336858066562e-07,0.0,0.0
v3-47;j4,-1.6926335,8.563343202586375e-06,0.0,0.0
v3-47;j3,-0.103996895,6.116673716133124e-07,0.0,0.0
v3-47;j5,0.04677882,0.0,0.0,0.0
v3-47;j6,-0.34238908,1.2233347432266249e-06,0.0,0.0
v3-47;j2,0.030500367,0.0,0.0,0.0
v3-33-2;j1,-0.021532685,3.058336858066562e-07,0.0,0.0
v3-33-2;j4,-0.023616228,0.0,0.0,0.0
v3-33-2;j3,-0.026127655,0.0,0.0,0.0
v3-33-2;j5,0.0541111,0.0,0.0,0.0
v3-33-2;j6,-0.056322012,0.0,0.0,0.0
v3-33-2;j2,0.0126608685,0.0,0.0,0.0
v1-8;j1,-5.6997404,0.0002498661213040381,0.0005605758633221734,3.5e-05
v1-8;j4,-3.2415776,0.012204293232114617,0.013027041940160527,0.0010165
v1-8;j3,-4.1400814,0.0017646603671044065,0.002140028447808984,0.0001385
v1-8;j5,-3.5281353,0.004237325716851222,0.004887147587586023,0.0003265
v1-8;j6,-4.1500025,0.0039773670839155645,0.004229884418432726,0.000687
v1-8;j2,-4.022912,0.0002272344285543456,0.0006471628817457213,3.45e-05
v3-64;j1,-2.161646,9.327927417103014e-05,0.00012583792830028395,0.0001
v3-64;j4,-0.7699142,0.004018348797813656,0.0042407648604403,0.002837
v3-64;j3,-1.6418029,0.0006159490432146057,0.0006970376878476814,0.0003805
v3-64;j5,0.1525475,0.00045324552236546454,0.00047690792156349554,0.0008575
v3-64;j6,-1.2064046,0.0007309425090779084,0.0007596643236197655,0.0018865
v3-64;j2,-1.5627502,0.00010520678791748974,0.0001528623928263139,0.0001
v4-55;j1,-0.08449419,6.116673716133124e-07,0.0,0.0
v4-55;j4,-3.7333736,1.9573355891625998e-05,0.0,0.0
v4-55;j3,-0.5045642,1.8350021148399374e-06,0.0,0.0
v4-55;j5,-1.9614947,8.257509516779719e-06,0.0,0.0
v4-55;j6,-0.9047499,4.587505287099843e-06,0.0,0.0
v4-55;j2,-0.30392858,1.2233347432266249e-06,0.0,0.0
v5-10-1;j1,1.3251925,2.354919380711253e-05,9.462751821483513e-06,0.0002685
v5-10-1;j4,1.3927246,0.0014738125319022763,0.0014942623287350523,0.008553
v5-10-1;j3,0.80396855,0.00018411187885560704,0.00016786808048925258,0.001156
v5-10-1;j5,1.4174534,0.00041042880635253266,0.00040116578951537537,0.0025705
v5-10-1;j6,0.82517296,0.0003241837069550556,0.0003066811989983174,0.0056465
v5-10-1;j2,1.5368828,3.180670332389225e-05,2.0515411326966465e-05,0.0002775
v1-58;j1,-2.0054948,2.997170120905231e-05,2.742458020691613e-05,2.85e-05
v1-58;j4,-0.92962563,0.001241990598060831,0.0013650927340601992,0.0009715
v1-58;j3,-2.2609982,0.00023518610438531863,0.00034926299593805005,0.0001185
v1-58;j5,-0.6233684,0.000244666948645325,0.000290495420230473,0.000285
v1-58;j6,-1.5065854,0.00032357203958344226,0.00035662763452998415,0.000663
v1-58;j2,-0.8871147,2.6301696979372435e-05,3.276625458754559e-05,3.45e-05
v1-69-2;j1,-3.4937818,2.752503172259906e-05,4.929323655419919e-05,6.5e-06
v1-69-2;j4,-1.5500963,0.0006104440368700858,0.0009061629958494433,0.000236
v1-69-2;j3,-3.3885696,8.838593519812366e-05,0.00020691994011638254,2.4e-05
v1-69-2;j5,-1.8285995,0.00013059098383944221,0.00029694136620985693,6.65e-05
v1-69-2;j6,-1.8917536,8.532759834005708e-05,0.00011032279566310215,0.0001445
v1-69-2;j2,-1.7398849,1.1927513746459594e-05,1.3624822062147818e-05,5e-06
v1-2;j1,-2.3653176,0.0007364475154224281,0.0007992386050570999,0.000626
v1-2;j4,-0.97704077,0.03297865800790335,0.03366969217940232,0.018816
v1-2;j3,-1.7618755,0.004548358575316591,0.0046754942817042325,0.0025155
v1-2;j5,-0.97476053,0.00929092154112041,0.00958475116189448,0.0057385
v1-2;j6,-1.4278809,0.006082114509636972,0.0061482397332097965,0.0123165
v1-2;j2,-0.91052777,0.000498203074179043,0.0005543036132884476,0.0006175
v3-25;j1,-0.013915855,0.0,0.0,0.0
v3-25;j4,-0.039807234,6.116673716133124e-07,0.0,0.0
v3-25;j3,-0.07488295,3.058336858066562e-07,0.0,0.0
v3-25;j5,0.0045312345,0.0,0.0,0.0
v3-25;j6,-0.014345743,0.0,0.0,0.0
v3-25;j2,0.010201953,0.0,0.0,0.0
v1-18;j1,-2.529308,0.0006165607105862189,0.0007141661253974493,0.000392
v1-18;j4,-1.4037776,0.03002766877355493,0.0308336965287005,0.0112605
v1-18;j3,-2.1073802,0.004069728857029174,0.00415106289412227,0.001506
v1-18;j5,-1.2549856,0.007550727868880535,0.007793384324063539,0.003521
v1-18;j6,-1.8825724,0.006312407275049384,0.006144472130679243,0.0075225
v1-18;j2,-1.318102,0.00041807464849769906,0.0005082673101420519,0.000378
v3-72;j1,-0.87730074,3.241837069550556e-05,2.5098639602217756e-05,8.1e-05
v3-72;j4,-0.12316219,0.0016704635918759563,0.0017056546269751322,0.002285
v3-72;j3,-1.1879789,0.00027341531511115066,0.00029683492615891524,0.000299
v3-72;j5,0.95515925,0.00016453852296398106,0.00015843031291811697,0.0006945
v3-72;j6,-0.6559175,0.0003370287217589352,0.00033452751556830944,0.0015085
v3-72;j2,-0.40931913,4.3428383384545185e-05,4.429668643136115e-05,8.2e-05
v4-28;j1,1.4120083,3.3641705438732184e-06,1.4608373147261706e-06,3.25e-05
v4-28;j4,1.4658566,0.0001409893291568685,0.000133400988583128,0.000935
v4-28;j3,0.32676044,3.7005875982605404e-05,2.3756940099464642e-05,0.0001195
v4-28;j5,1.7653551,4.465171812777181e-05,3.1079814860663854e-05,0.000285
v4-28;j6,1.6229993,2.6913364350985747e-05,1.4083325817120724e-05,0.000586
v4-28;j2,0.7513143,6.4225074019397805e-06,4.601020622407695e-06,2.7e-05
v3-9;j1,-5.596746,0.00034069872598861505,9.24018873462458e-05,4.5e-05
v3-9;j4,-4.083674,0.01179050025521821,0.002544228316788922,0.0012655
v3-9;j3,-5.0898666,0.002175089173456939,0.0005157926418522009,0.000176
v3-9;j5,-3.6202598,0.0014667783571287233,0.0004386028076796561,0.0003685
v3-9;j6,-4.2312627,0.0021570449859943464,0.0003949140430864666,0.000823
v3-9;j2,-5.178148,0.0003339703849008686,0.00010950046098233163,3e-05
v3-20;j1,-0.40522486,6.330757296197784e-05,5.0366524519337894e-05,0.0002695
v3-20;j4,0.31835362,0.0038250619083838493,0.0038951508995897196,0.008061
v3-20;j3,-0.86348593,0.0007951675830973062,0.0008268189115860301,0.001083
v3-20;j5,0.8312047,0.0006514257507681777,0.0006467215621618744,0.0024635
v3-20;j6,-0.49718168,0.0010419753675432778,0.0010503761707081876,0.0052775
v3-20;j2,-0.18425491,0.00012294514169427582,0.00012909064933690515,0.00028
v4-39;j1,-2.8456793,0.0006453090770520446,0.0007815677682873789,0.000352
v4-39;j4,-1.5330533,0.02972122342037666,0.03044911453534628,0.010681
v4-39;j3,-2.2634099,0.004150163116396325,0.004198906903910773,0.001467
v4-39;j5,-1.6546065,0.00915818972148032,0.00966745585949058,0.00323
v4-39;j6,-1.7118948,0.004370057536491311,0.004457962740459059,0.0071655
v4-39;j2,-2.0635602,0.0007881334083237531,0.0009939001858820468,0.000347
v3-23;j1,-1.0662309,0.0020038223094052117,0.0022146436051109107,0.0012685
v3-23;j4,0.3200661,0.07904332776410192,0.08123149449637684,0.037851
v3-23;j3,-0.103607714,0.008011925067076974,0.008304364599556222,0.0050935
v3-23;j5,1.1182221,0.010761064068793007,0.011217166316600023,0.0117775
v3-23;j6,0.3189327,0.009765269587806533,0.009952541075930244,0.025194
v3-23;j2,0.53559285,0.001211713063165972,0.001281260609781675,0.0013025
v3-53;j1,-1.3260757,0.00027341531511115066,0.00025237274828631345,0.000544
v3-53;j4,-0.02325133,0.01103325604916093,0.011005978595653916,0.0165975
v3-53;j3,-0.98558545,0.0018496821317586568,0.0018902807096542586,0.002212
v3-53;j5,0.7344037,0.0015154059131719817,0.0015319259710614899,0.0050805
v3-53;j6,-0.59016836,0.002318525172100261,0.002299416999499037,0.010977
v3-53;j2,-0.6676593,0.00033091204804280204,0.0003496073781160201,0.0005395
v1-69;j1,-2.4630394,0.0007465400270540479,0.0008152167769535281,0.0005345
v1-69;j4,-0.9538445,0.027490166682417102,0.02798213158290467,0.016005
v1-69;j3,-1.7922969,0.004293599115039647,0.004690556105384068,0.0021735
v1-69;j5,-0.95331967,0.007919257460277556,0.008160288066486025,0.0049415
v1-69;j6,-1.8888136,0.008160866072064815,0.008287950317604332,0.0105845
v1-69;j2,-1.1836809,0.0005679331545429606,0.000622254356672734,0.000533
v3-15;j1,-4.013157,0.00025323029184791136,0.0002737918951823196,0.0005265
v3-15;j4,-2.6773875,0.010903582566378908,0.01172249524801558,0.0156405
v3-15;j3,-3.110546,0.001041669533857471,0.001090139993674777,0.002068
v3-15;j5,-1.7306994,0.001185105532500793,0.0012946919897684093,0.004847
v3-15;j6,-2.848298,0.0014707541950442098,0.0014903959117226037,0.0104605
v3-15;j2,-2.3980882,0.00014404766601493508,0.00015858663621262986,0.000503
v3-30-2;j1,0.020074964,0.0,0.0,0.0
v3-30-2;j4,0.02642133,0.0,0.0,0.0
v3-30-2;j3,0.01642619,0.0,0.0,0.0
v3-30-2;j5,-0.023110025,0.0,0.0,0.0
v3-30-2;j6,0.011401102,0.0,0.0,0.0
v3-30-2;j2,0.034495153,0.0,0.0,0.0
v3-38;j1,-0.14794974,6.116673716133124e-07,0.0,0.0
v3-38;j4,-1.2133492,4.8933389729064995e-06,0.0,0.0
v3-38;j3,-0.42933008,1.2233347432266249e-06,0.0,0.0
v3-38;j5,-0.15515806,9.175010574199687e-07,0.0,0.0
v3-38;j6,-0.072595015,6.116673716133124e-07,0.0,0.0
v3-38;j2,-0.16129342,6.116673716133124e-07,0.0,0.0
v4-38-2;j1,-1.0725112,0.0001501643397310682,0.0001443669119014506,0.000355
v4-38-2;j4,0.08068146,0.006670844354814786,0.006759970588304929,0.0107775
v4-38-2;j3,-0.7739128,0.0009860078030406597,0.001056948249331852,0.001441
v4-38-2;j5,-0.081746966,0.00213930663221756,0.002222090717412048,0.003295
v4-38-2;j6,-0.14342628,0.0010850979172420162,0.0010575392433218862,0.0071235
v4-38-2;j2,-0.3287097,0.00018166520936915379,0.0001935105446330541,0.0003515
v5-51;j1,-1.6659324,0.00040003046103510636,0.000404315188067118,0.000617
v5-51;j4,-0.6406492,0.021100077651172826,0.02160935046922576,0.01833
v5-51;j3,-1.7351451,0.00390916617198068,0.004110536579757911,0.002453
v5-51;j5,-0.39363614,0.004915358998284579,0.005022210369058812,0.0056885
v5-51;j6,-0.893092,0.0033837438997648445,0.003340215892334047,0.012063
v5-51;j2,-0.94322777,0.00044529384653449147,0.0005000306899109835,0.00056
v1-45;j1,4.8623676,9.175010574199687e-07,1.32909832642545e-07,0.000118
v1-45;j4,4.5820827,4.3122549698738525e-05,2.3495795019984342e-05,0.0032945
v1-45;j3,3.1412556,1.926752220581934e-05,6.304393760472974e-06,0.000454
v1-45;j5,5.7655797,1.2233347432266248e-05,2.193868707825452e-06,0.001052
v1-45;j6,7.634672,3.670004229679875e-06,2.082403260077598e-07,0.002218
v1-45;j2,5.5274725,3.058336858066562e-07,1.5282483873479443e-07,0.000103
v1-68;j1,-0.009615706,3.058336858066562e-07,0.0,0.0
v1-68;j4,-0.5445606,5.505006344519812e-06,0.0,0.0
v1-68;j3,-0.071564995,3.058336858066562e-07,0.0,0.0
v1-68;j5,0.002928695,3.058336858066562e-07,0.0,0.0
v1-68;j6,-0.040042445,3.058336858066562e-07,0.0,0.0
v1-68;j2,-0.11087691,9.175010574199687e-07,0.0,0.0
v3-35;j1,-0.15009293,6.116673716133124e-07,0.0,0.0
v3-35;j4,-3.2091877,1.773835377678606e-05,0.0,0.0
v3-35;j3,-0.43773666,1.8350021148399374e-06,0.0,0.0
v3-35;j5,-0.88054204,3.670004229679875e-06,0.0,0.0
v3-35;j6,-0.70112115,2.4466694864532497e-06,0.0,0.0
v3-35;j2,0.062261894,0.0,0.0,0.0
v3-13;j1,0.9395956,3.822921072583203e-05,1.8006513972593347e-05,0.0003795
v3-13;j4,1.2917036,0.0019759914439968058,0.001997193326487,0.01074
v3-13;j3,-0.033707295,0.0004887222299190366,0.0005103823358422086,0.0014745
v3-13;j5,1.9468738,0.0002975761762898765,0.0002902440137032802,0.003244
v3-13;j6,0.35452408,0.0006214540495591255,0.0005829063019147214,0.0071675
v3-13;j2,-0.20211701,0.00017004352930850085,0.00017145101568297728,0.0003775
v3-11;j1,-1.8529584,0.0002703569782530841,0.0003074952467643441,0.0003495
v3-11;j4,-0.490947,0.01191313956322668,0.012210119061905054,0.011093
v3-11;j3,-1.4142781,0.0018298029421812243,0.0020080957657695585,0.0014395
v3-11;j5,0.021069443,0.002111169933123348,0.00217976716505906,0.0034145
v3-11;j6,-1.087945,0.0026396505421972497,0.002565705227966634,0.007252
v3-11;j2,-1.0488518,0.0003226545385260223,0.00037845897413250743,0.0003625
v3-48;j1,-3.5712175,0.00043581300227448513,0.0005984514541777592,0.0001545
v3-48;j4,-1.8364348,0.021297646212203925,0.02123872181586001,0.005103
v3-48;j3,-2.6420865,0.003000840125134911,0.003064643267559477,0.000685
v3-48;j5,-1.2641304,0.003077298546586575,0.003261296359475096,0.0014985
v3-48;j6,-2.4024844,0.00420368401141249,0.004286406979299814,0.003295
v3-48;j2,-2.3673759,0.0004526338549938512,0.0006649430002637811,0.0001775
v1-24;j1,-5.389334,0.00021622441586530595,0.0008853591723850609,2.7e-05
v1-24;j4,-2.4986186,0.007919257460277556,0.00895046777734589,0.0009645
v1-24;j3,-3.842933,0.0012435197664898642,0.001836046443392816,0.0001205
v1-24;j5,-2.4113019,0.0016374335538088375,0.002092662897304773,0.000289
v1-24;j6,-2.985732,0.0013906257693628659,0.0016089559633628704,0.0006455
v1-24;j2,-4.028438,0.00015047017341687487,0.0005668926628108348,2.75e-05
v3-43d;j1,0.6114184,2.3243360121305874e-05,2.2176050585181384e-05,8.2e-05
v3-43d;j4,2.1092074,0.00087896601300833,0.0008879041602153633,0.0025185
v3-43d;j3,1.6047697,9.052677099877025e-05,8.282658354334907e-05,0.000332
v3-43d;j5,3.6373184,6.575424244843109e-05,5.394165418590749e-05,0.0007715
v3-43d;j6,1.0458515,0.0002792261551414771,0.00027440999226058385,0.0016155
v3-43d;j2,2.247441,1.4374183232912843e-05,1.4164617450697996e-05,8.7e-05
v4-61;j1,-1.181087,0.00015138767447429483,0.00014688631377692083,0.0003455
v4-61;j4,0.0845333,0.006606007613423774,0.006612989041073057,0.0105785
v4-61;j3,-0.98816365,0.0012679864613543968,0.0012865955911759437,0.001433
v4-61;j5,-0.20812903,0.00233595769219124,0.002458566511127228,0.003181
v4-61;j6,-0.7237577,0.0017894328956547456,0.0017318624952545804,0.007105
v4-61;j2,-0.7595298,0.00025108945604726475,0.00028637885801231934,0.000374
v7-4-1;j1,0.124946,6.36134066477845e-05,4.8441364856434425e-05,0.0003985
v7-4-1;j4,0.9846974,0.0030999302393362677,0.0030613172402234354,0.011883
v7-4-1;j3,0.2295789,0.0004220504864131856,0.0004318549358069667,0.00159
v7-4-1;j5,1.023809,0.0008343142948805582,0.0008641156643183814,0.003661
v7-4-1;j6,0.41076323,0.0006532607528830177,0.0006311484489578542,0.0077115
v7-4-1;j2,1.811737,4.006421284067197e-05,2.519821341359118e-05,0.000412
v3-69-1;j1,-1.1681719,4.587505287099843e-06,0.0,0.0
v3-69-1;j4,-6.8398285,0.00015658684713300798,0.0,0.0
v3-69-1;j3,-5.0501847,3.578254123937878e-05,0.0,0.0
v3-69-1;j5,-3.9676158,2.3855027492919187e-05,0.0,0.0
v3-69-1;j6,-5.548432,4.7404221300031714e-05,0.0,0.0
v3-69-1;j2,-1.8336502,7.34000845935975e-06,0.0,0.0
v3-49;j1,-3.143364,9.389094154264346e-05,8.910951885499806e-05,0.0003945
v3-49;j4,-2.0272985,0.0039764495828581445,0.004291787885362365,0.0115625
v3-49;j3,-2.5538285,0.00043642466964609843,0.000484957976371916,0.0015505
v3-49;j5,-1.2019228,0.0004972855731216231,0.0005045430006390035,0.003571
v3-49;j6,-2.5199165,0.0007783467303779401,0.0007557670966691262,0.0076375
v3-49;j2,-1.7624286,6.697757719165772e-05,5.768078185268606e-05,0.000366
v4-4;j1,-2.4678752,0.00029665867523245653,0.0003623772700661761,0.000208
v4-4;j4,-1.1554908,0.013590331496190383,0.013861502136802813,0.0063795
v4-4;j3,-2.2908237,0.0026338397021669234,0.0026902551464403532,0.000823
v4-4;j5,-1.3848264,0.004909548158254252,0.005136239288764237,0.0019915
v4-4;j6,-1.9450464,0.00360730832408951,0.003574168164992141,0.004257
v4-4;j2,-2.3709197,0.0005700739903436072,0.0008125205894400464,0.000191
v4-59;j1,-2.5173829,0.0008511351475999243,0.0010158528270433136,0.000559
v4-59;j4,-1.1496936,0.03609785576944544,0.03602698761801065,0.0171305
v4-59;j3,-2.280545,0.007162013254220275,0.007449745302708799,0.0022825
v4-59;j5,-1.3050443,0.011894789542078281,0.012292851618855388,0.00529
v4-59;j6,-1.8685399,0.008805563481745247,0.008620266436861384,0.011329
v4-59;j2,-2.0435762,0.0015187700837158548,0.0016963860600268223,0.0005785
v1-3;j1,0.05588012,7.707008882327737e-05,6.0974275703899675e-05,0.0005335
v1-3;j4,1.0381999,0.003547059087985599,0.0035376532799280287,0.0151165
v1-3;j3,0.48360068,0.0004064529684370461,0.000408544420055057,0.0020075
v1-3;j5,1.1304486,0.0009107727163322223,0.0009041725479896459,0.004565
v1-3;j6,0.53672683,0.0006951599678385296,0.0006512073223680026,0.00992
v1-3;j2,1.6890501,4.526338549938512e-05,3.543617949033194e-05,0.000537
v3-66;j1,-2.0964937,0.00019389855680142004,0.00021413524243838855,0.000224
v3-66;j4,-0.6432534,0.00804893094305958,0.008231115783697708,0.006607
v3-66;j3,-1.5496085,0.001298875663620869,0.0013988935607728088,0.000917
v3-66;j5,0.09361214,0.0011221037932246218,0.0011596457394117453,0.0020995
v3-66;j6,-1.1620567,0.0016518077370417503,0.0016444534805762166,0.004442
v3-66;j2,-1.1800616,0.00020796690634852623,0.0002425253579070549,0.000213
v5-78;j1,0.011288032,0.0,0.0,0.0
v5-78;j4,-0.5679386,2.1408358006465938e-06,0.0,0.0
v5-78;j3,-0.28499857,1.2233347432266249e-06,0.0,0.0
v5-78;j5,-0.13758653,3.058336858066562e-07,0.0,0.0
v5-78;j6,-0.21539801,6.116673716133124e-07,0.0,0.0
v5-78;j2,0.03998313,0.0,0.0,0.0
v7-81;j1,7.434189e-05,3.058336858066562e-07,0.0,0.0
v7-81;j4,-0.68442595,4.2816716012931876e-06,0.0,0.0
v7-81;j3,0.037913665,0.0,0.0,0.0
v7-81;j5,-0.1844646,1.2233347432266249e-06,0.0,0.0
v7-81;j6,-0.032425325,3.058336858066562e-07,0.0,0.0
v7-81;j2,0.04748693,0.0,0.0,0.0
v1-38-4;j1,-0.02964906,0.0,0.0,0.0
v1-38-4;j4,0.025292605,3.058336858066562e-07,0.0,0.0
v1-38-4;j3,-0.06240861,0.0,0.0,0.0
v1-38-4;j5,-0.036188733,6.116673716133124e-07,0.0,0.0
v1-38-4;j6,-0.026155397,3.058336858066562e-07,0.0,0.0
v1-38-4;j2,-0.057357214,3.058336858066562e-07,0.0,0.0
v3-73;j1,-3.8475232,5.8108400303264684e-05,4.698042757160006e-05,0.000138
v3-73;j4,-2.8625216,0.0030341759968878362,0.0030532186674916213,0.0040785
v3-73;j3,-3.699027,0.0003893262820318734,0.0004344328305173371,0.0005385
v3-73;j5,-2.2028625,0.00046333803399708416,0.00048826483792654594,0.0012825
v3-73;j6,-3.4189947,0.0006434740749372047,0.0006039328937436917,0.0026815
v3-73;j2,-3.1297388,6.239007190455787e-05,6.70640725559732e-05,0.000127
v7-34-1;j1,0.046981566,0.0,0.0,0.0
v7-34-1;j4,-0.013554364,3.058336858066562e-07,0.0,0.0
v7-34-1;j3,0.048486367,0.0,0.0,0.0
v7-34-1;j5,0.019896515,0.0,0.0,0.0
v7-34-1;j6,0.028433703,0.0,0.0,0.0
v7-34-1;j2,0.001696907,0.0,0.0,0.0
v3-74;j1,-2.1177502,0.0003449803975899082,0.0003523013076165151,0.000337
v3-74;j4,-0.88016695,0.015091057392443645,0.015187676584232432,0.0096595
v3-74;j3,-1.6164373,0.0019870014566858453,0.002060632422095451,0.001315
v3-74;j5,-0.32844213,0.0024127219473287108,0.0024604783425994725,0.0028985
v3-74;j6,-1.1641339,0.0024460578190816365,0.0023753696301797677,0.006362
v3-74;j2,-1.3114226,0.0003572137450221745,0.0004284051244756152,0.0003275
v2-10;j1,0.054929025,0.0,0.0,0.0
v2-10;j4,-0.15322866,3.058336858066562e-07,0.0,0.0
v2-10;j3,0.014862053,0.0,0.0,0.0
v2-10;j5,0.0037860498,0.0,0.0,0.0
v2-10;j6,0.009153441,0.0,0.0,0.0
v2-10;j2,-0.043156154,0.0,0.0,0.0
v4-31;j1,-7.9039526,0.00016270352084914112,2.9149693936139726e-05,5e-07
v4-31;j4,-8.281279,0.0075736653953160345,0.0028400296048607366,2.15e-05
v4-31;j3,-8.719722,0.0012627872886956835,0.00022422961630091365,1.5e-06
v4-31;j5,-8.212153,0.0026368980390249898,0.0009614791382376554,8e-06
v4-31;j6,-7.7222056,0.0016044035157417186,0.0009939148332469983,1.45e-05
v4-31;j2,-7.273351,0.00024222027915887174,0.00011332040168755405,1.5e-06
v1-nl1;j1,-0.101907626,6.116673716133124e-07,0.0,0.0
v1-nl1;j4,-2.9767592,1.559751797613947e-05,0.0,0.0
v1-nl1;j3,-0.056953486,6.116673716133124e-07,0.0,0.0
v1-nl1;j5,-0.62615424,2.1408358006465938e-06,0.0,0.0
v1-nl1;j6,-0.5885686,3.3641705438732184e-06,0.0,0.0
v1-nl1;j2,0.061289623,0.0,0.0,0.0
v3-38-3;j1,-0.6220296,3.058336858066562e-06,0.0,0.0
v3-38-3;j4,-6.6634607,8.37984299110238e-05,0.0,0.0
v3-38-3;j3,-2.505276,1.1927513746459594e-05,0.0,0.0
v3-38-3;j5,-2.7745833,1.2233347432266248e-05,0.0,0.0
v3-38-3;j6,-3.5725362,1.7432520090979403e-05,0.0,0.0
v3-38-3;j2,-0.45701998,2.1408358006465938e-06,0.0,0.0
v2-70;j1,2.5626192,9.175010574199686e-06,1.5612454024445925e-06,0.0002135
v2-70;j4,1.1262707,0.0012318980864292114,0.0012379024313428017,0.006798
v2-70;j3,0.2985,0.0001789127061968939,0.0001656012938013945,0.000888
v2-70;j5,2.0704467,0.0001636210219065611,0.00014273741242988222,0.0021055
v2-70;j6,0.60384166,0.00025751196344920457,0.00023640797403653811,0.004444
v2-70;j2,2.1633904,1.8350021148399372e-05,7.542740666704098e-06,0.000236
v1-46;j1,-2.057382,0.00030919785635052943,0.00030668110947406593,0.0003515
v1-46;j4,-0.6656722,0.01418884801931401,0.014332328978818719,0.01119
v1-46;j3,-1.4713192,0.0019200238794941878,0.0020071605410088935,0.001452
v1-46;j5,-0.473199,0.003196573684051171,0.003367166527101488,0.0034405
v1-46;j6,-1.1323196,0.002629863864251437,0.002624911182147639,0.0072425
v1-46;j2,-0.5837343,0.0002272344285543456,0.00023391582307628786,0.0003645
v3-19;j1,-0.054252643,3.058336858066562e-07,0.0,0.0
v3-19;j4,-0.3742096,1.8350021148399374e-06,0.0,0.0
v3-19;j3,-0.049797878,0.0,0.0,0.0
v3-19;j5,-0.24646328,9.175010574199687e-07,0.0,0.0
v3-19;j6,-0.0028488338,0.0,0.0,0.0
v3-19;j2,-0.04253879,3.058336858066562e-07,0.0,0.0
v3-21;j1,-2.4843175,0.0006300173927617118,0.0007247437367686565,0.0005145
v3-21;j4,-1.1665574,0.030820083853479976,0.0314874789489113,0.0150475
v3-21;j3,-1.9739358,0.00467099788332506,0.004591481867606496,0.00201
v3-21;j5,-0.6154864,0.004836453907346462,0.005151245722638273,0.0045885
v3-21;j6,-1.6418097,0.005976601888033676,0.005931752244323976,0.0099705
v3-21;j2,-1.4407967,0.0006315465611907451,0.0007393328338086522,0.0004835
v3-52;j1,-0.31616497,9.175010574199687e-07,0.0,0.0
v3-52;j4,-2.503104,1.376251586129953e-05,0.0,0.0
v3-52;j3,-0.48273143,2.4466694864532497e-06,0.0,0.0
v3-52;j5,-0.791881,3.058336858066562e-06,0.0,0.0
v3-52;j6,-0.8224909,4.2816716012931876e-06,0.0,0.0
v3-52;j2,0.033068076,0.0,0.0,0.0
v3-30-3;j1,-3.8336263,0.0002899303341447101,0.0004061382474308854,0.000186
v3-30-3;j4,-2.1376638,0.011678259292527167,0.012659336059099786,0.0056845
v3-30-3;j3,-2.9144838,0.0013875674325047993,0.0016152286420280124,0.0007525
v3-30-3;j5,-1.4437711,0.0013915432704202859,0.001654258190772739,0.0017045
v3-30-3;j6,-2.618575,0.0022270809000440707,0.00244099702222232,0.003721
v3-30-3;j2,-2.3979445,0.0001773835377678606,0.00030337332242778164,0.0001875
v4-34;j1,-2.3175642,0.0008685676676909036,0.0009822868486194037,0.000613
v4-34;j4,-1.0434004,0.035595371023665105,0.036058045857890055,0.0180075
v4-34;j3,-1.5883052,0.003789585200830277,0.004158561362771304,0.002394
v4-34;j5,-1.2103354,0.0116935509768175,0.012062870155335486,0.0054405
v4-34;j6,-1.6717463,0.007949534995172416,0.007904410664662518,0.011859
v4-34;j2,-1.1831403,0.0006927132983520763,0.0007900286620905988,0.0005835
v4-30-4;j1,-7.103529,8.196342779618387e-05,1.2661602902156926e-05,1e-06
v4-30-4;j4,-8.355913,0.004412568418818436,0.0007850607801604826,7.5e-06
v4-30-4;j3,-8.186329,0.0007609142102869607,0.00011824377840235486,2e-06
v4-30-4;j5,-7.8553376,0.001491856719364869,0.0001605712301161286,1.5e-06
v4-30-4;j6,-7.6673856,0.0008205517790192587,0.00025745637796398464,8.5e-06
v4-30-4;j2,-6.827607,0.00013089681752524886,0.0,0.0
v3-54;j1,-0.056871846,0.0,0.0,0.0
v3-54;j4,-0.032857127,0.0,0.0,0.0
v3-54;j3,-0.017752845,0.0,0.0,0.0
v3-54;j5,-0.048515093,0.0,0.0,0.0
v3-54;j6,-0.046341456,0.0,0.0,0.0
v3-54;j2,0.044052258,0.0,0.0,0.0
v6-1;j1,-1.6615195,8.349259622521715e-05,9.394661874127955e-05,0.0001375
v6-1;j4,-0.54034454,0.005056042493755641,0.005134384365366378,0.004411
v6-1;j3,-1.6591256,0.0008575576550018641,0.0009398638208842265,0.000569
v6-1;j5,-0.58908004,0.001404694118909972,0.0016114498363443807,0.0013265
v6-1;j6,-1.2685053,0.001224252244284045,0.0012019731763187572,0.0029565
v6-1;j2,-1.1446546,0.0001321201522684755,0.00016601501231337814,0.0001395
v2-5;j1,-1.9174612,0.00012539181118072904,0.00012922974974829312,0.0003125
v2-5;j4,-0.39781374,0.004698217081361853,0.004757048703923359,0.0095025
v2-5;j3,-1.2318097,0.0006220657169307387,0.0006605479383933856,0.001227
v2-5;j5,-0.3396424,0.0012783848066718231,0.0012876537161267579,0.0029375
v2-5;j6,0.4492935,0.0002666869740234042,0.00023925530569755146,0.0063105
v2-5;j2,-0.1729704,7.768175619489069e-05,7.09195110954275e-05,0.0003145
v3-71;j1,-0.6940043,3.3641705438732184e-06,0.0,0.0
v3-71;j4,-6.2344623,7.55409203942441e-05,0.0,0.0
v3-71;j3,-2.2329748,9.480844260006343e-06,0.0,0.0
v3-71;j5,-2.1237435,9.175010574199686e-06,0.0,0.0
v3-71;j6,-3.778965,1.9573355891625998e-05,0.0,0.0
v3-71;j2,-0.41621917,2.1408358006465938e-06,0.0,0.0
v3-16;j1,0.043765746,0.0,0.0,0.0
v3-16;j4,0.01794134,0.0,0.0,0.0
v3-16;j3,-0.103636734,3.058336858066562e-07,0.0,0.0
v3-16;j5,0.03455825,0.0,0.0,0.0
v3-16;j6,0.04947836,0.0,0.0,0.0
v3-16;j2,-0.047947325,0.0,0.0,0.0
v3-62;j1,0.05220543,0.0,0.0,0.0
v3-62;j4,-0.5250465,1.8350021148399374e-06,0.0,0.0
v3-62;j3,0.032276288,3.058336858066562e-07,0.0,0.0
v3-62;j5,-0.020948831,0.0,0.0,0.0
v3-62;j6,0.013156539,6.116673716133124e-07,0.0,0.0
v3-62;j2,0.038043223,0.0,0.0,0.0
v3-7;j1,-1.996019,0.0005563114744823077,0.0006315809488175537,0.000615
v3-7;j4,-0.77468973,0.026202301031485273,0.026926143115908387,0.01853
v3-7;j3,-1.491693,0.003564491608076578,0.0037283413793886802,0.002483
v3-7;j5,-0.042458802,0.0037385109753005656,0.0037922067746811302,0.0056255
v3-7;j6,-1.2649535,0.004944107364750405,0.00511617933060654,0.012251
v3-7;j2,-1.2371384,0.000654789921312051,0.0007560012797900236,0.000611
v3-30;j1,-3.4631054,0.0009792794619529132,0.0011335068058680399,0.000359
v3-30;j4,-1.8425889,0.03929718195666887,0.03837469993018182,0.010957
v3-30;j3,-2.3588898,0.00449086184238494,0.00427129264883913,0.0014885
v3-30;j5,-1.0682207,0.004749291306891564,0.004798993883541652,0.0033485
v3-30;j6,-2.2413673,0.007478551119030165,0.006816957497312273,0.0072715
v3-30;j2,-1.8496195,0.0006783391151191635,0.0007376813635606583,0.0003635
v3-nl1;j1,9.834581,3.058336858066562e-06,8.246766663311349e-08,0.001355
v3-nl1;j4,7.6367745,8.043425936715058e-05,5.9537010786445924e-05,0.040448
v3-nl1;j3,7.5553346,1.8350021148399372e-05,4.3421470485079325e-06,0.005386
v3-nl1;j5,9.367822,1.4985850604526156e-05,3.2363235404355914e-06,0.0124095
v3-nl1;j6,7.298284,2.7219198036792404e-05,1.069810443553826e-05,0.026729
v3-nl1;j2,10.626088,2.4466694864532497e-06,9.076609651019014e-08,0.0013385
v3-63;j1,-0.022798069,0.0,0.0,0.0
v3-63;j4,0.051441506,0.0,0.0,0.0
v3-63;j3,-0.020277034,0.0,0.0,0.0
v3-63;j5,-0.02874244,0.0,0.0,0.0
v3-63;j6,-0.047220454,0.0,0.0,0.0
v3-63;j2,-0.024218768,0.0,0.0,0.0
